Region,Category,Item,Avg_Cost
BREEDEKLOOF,Direkte koste,Gewasbeskerming (swam- en insekbeheer),5952.12
BREEDEKLOOF,Direkte koste,Herstel- en bindmateriaal,399.58
BREEDEKLOOF,Direkte koste,Koelkamer huur,0
BREEDEKLOOF,Direkte koste,"Kunsmis, blaar- en grondontledings",4193.37
BREEDEKLOOF,Direkte koste,Onkruiddoder,2118.82
BREEDEKLOOF,Direkte koste,Pakmateriaal,0
BREEDEKLOOF,Direkte koste,"Saad, organiese bemesting en materiaal",2361.58
BREEDEKLOOF,Direkte koste,Veevoer en medisyne / Droogmiddels,0
BREEDEKLOOF,Arbeid,Permanente arbeid,11723.1
BREEDEKLOOF,Arbeid,Seisoensarbeid en kontrakwerk,2938.39
BREEDEKLOOF,Arbeid,Toesig en bestuurshulp,3647.86
BREEDEKLOOF,Meganisasie,Brandstof (petrol en diesel) en smeermiddels,4824.93
BREEDEKLOOF,Meganisasie,Herstel. onderdele en reparasies,4680.29
BREEDEKLOOF,Meganisasie,Lisensies en versekering - Voertuie / losbates,834.37
BREEDEKLOOF,Meganisasie,Vervoer gehuur,100.96
BREEDEKLOOF,Vaste verbeteringe,Herstelwerk en onderhoud (vaste verbeteringe),2271.76
BREEDEKLOOF,Vaste verbeteringe,Verskering - vaste verbeteringe,542.99
BREEDEKLOOF,Algemene uitgawes,Admin - Akkreditasie en nakomingskostes,316.32
BREEDEKLOOF,Algemene uitgawes,Admin - Sekuriteit,288.02
BREEDEKLOOF,Algemene uitgawes,Administrasie,1968.87
BREEDEKLOOF,Algemene uitgawes,Elektrisiteit,5107.35
BREEDEKLOOF,Algemene uitgawes,"Grond-, eiendoms, munisipale belasting",392.64
BREEDEKLOOF,Algemene uitgawes,Waterkoste / belasting,549.44
BREEDEKLOOF,Provision for renewal,Provision for renewal,20125
BREEDEKLOOF,Total Expenditure,Total Expenditure,75345.71
ROBERTSON,Direkte koste,Gewasbeskerming (swam- en insekbeheer),5615.89
ROBERTSON,Direkte koste,Herstel- en bindmateriaal,372.56
ROBERTSON,Direkte koste,Koelkamer huur,0
ROBERTSON,Direkte koste,"Kunsmis, blaar- en grondontledings",5065.21
ROBERTSON,Direkte koste,Onkruiddoder,2409.82
ROBERTSON,Direkte koste,Pakmateriaal,0
ROBERTSON,Direkte koste,"Saad, organiese bemesting en materiaal",751.99
ROBERTSON,Direkte koste,Veevoer en medisyne / Droogmiddels,0
ROBERTSON,Arbeid,Permanente arbeid,8787.39
ROBERTSON,Arbeid,Seisoensarbeid en kontrakwerk,7658.23
ROBERTSON,Arbeid,Toesig en bestuurshulp,3113.9
ROBERTSON,Meganisasie,Brandstof (petrol en diesel) en smeermiddels,4516.48
ROBERTSON,Meganisasie,Herstel. onderdele en reparasies,5704.65
ROBERTSON,Meganisasie,Lisensies en versekering - Voertuie / losbates,931.85
ROBERTSON,Meganisasie,Vervoer gehuur,1533.38
ROBERTSON,Vaste verbeteringe,Herstelwerk en onderhoud (vaste verbeteringe),2899.43
ROBERTSON,Vaste verbeteringe,Verskering - vaste verbeteringe,601.1
ROBERTSON,Algemene uitgawes,Admin - Akkreditasie en nakomingskostes,171.48
ROBERTSON,Algemene uitgawes,Admin - Sekuriteit,342.72
ROBERTSON,Algemene uitgawes,Administrasie,1605.19
ROBERTSON,Algemene uitgawes,Elektrisiteit,5354.11
ROBERTSON,Algemene uitgawes,"Grond-, eiendoms, munisipale belasting",562.71
ROBERTSON,Algemene uitgawes,Waterkoste / belasting,1256.84
ROBERTSON,Provision for renewal,Provision for renewal,19071
ROBERTSON,Total Expenditure,Total Expenditure,78350.81
WORCESTER,Direkte koste,Gewasbeskerming (swam- en insekbeheer),5297.64
WORCESTER,Direkte koste,Herstel- en bindmateriaal,539.76
WORCESTER,Direkte koste,Koelkamer huur,0
WORCESTER,Direkte koste,"Kunsmis, blaar- en grondontledings",5439.98
WORCESTER,Direkte koste,Onkruiddoder,2062.99
WORCESTER,Direkte koste,Pakmateriaal,0
WORCESTER,Direkte koste,"Saad, organiese bemesting en materiaal",630.77
WORCESTER,Direkte koste,Veevoer en medisyne / Droogmiddels,0
WORCESTER,Arbeid,Permanente arbeid,14092.72
WORCESTER,Arbeid,Seisoensarbeid en kontrakwerk,1671.05
WORCESTER,Arbeid,Toesig en bestuurshulp,2913.61
WORCESTER,Meganisasie,Brandstof (petrol en diesel) en smeermiddels,5027.58
WORCESTER,Meganisasie,Herstel. onderdele en reparasies,4276.33
WORCESTER,Meganisasie,Lisensies en versekering - Voertuie / losbates,996.87
WORCESTER,Meganisasie,Vervoer gehuur,399.55
WORCESTER,Vaste verbeteringe,Herstelwerk en onderhoud (vaste verbeteringe),2922.7
WORCESTER,Vaste verbeteringe,Verskering - vaste verbeteringe,709.49
WORCESTER,Algemene uitgawes,Admin - Akkreditasie en nakomingskostes,213.71
WORCESTER,Algemene uitgawes,Admin - Sekuriteit,241.95
WORCESTER,Algemene uitgawes,Administrasie,1687.6
WORCESTER,Algemene uitgawes,Elektrisiteit,4732.05
WORCESTER,Algemene uitgawes,"Grond-, eiendoms, munisipale belasting",448.41
WORCESTER,Algemene uitgawes,Waterkoste / belasting,2540.13
WORCESTER,Provision for renewal,Provision for renewal,18968
WORCESTER,Total Expenditure,Total Expenditure,75813.79
OLIFANTSRIVER,Direkte koste,Gewasbeskerming (swam- en insekbeheer),4982.89
OLIFANTSRIVER,Direkte koste,Herstel- en bindmateriaal,331.5
OLIFANTSRIVER,Direkte koste,Koelkamer huur,0
OLIFANTSRIVER,Direkte koste,"Kunsmis, blaar- en grondontledings",4827.11
OLIFANTSRIVER,Direkte koste,Onkruiddoder,657.33
OLIFANTSRIVER,Direkte koste,Pakmateriaal,0
OLIFANTSRIVER,Direkte koste,"Saad, organiese bemesting en materiaal",1003.81
OLIFANTSRIVER,Direkte koste,Veevoer en medisyne / Droogmiddels,0
OLIFANTSRIVER,Arbeid,Permanente arbeid,7972.92
OLIFANTSRIVER,Arbeid,Seisoensarbeid en kontrakwerk,3011.23
OLIFANTSRIVER,Arbeid,Toesig en bestuurshulp,1633.88
OLIFANTSRIVER,Meganisasie,Brandstof (petrol en diesel) en smeermiddels,4914.79
OLIFANTSRIVER,Meganisasie,Herstel. onderdele en reparasies,4720.78
OLIFANTSRIVER,Meganisasie,Lisensies en versekering - Voertuie / losbates,1156.47
OLIFANTSRIVER,Meganisasie,Vervoer gehuur,694.47
OLIFANTSRIVER,Vaste verbeteringe,Herstelwerk en onderhoud (vaste verbeteringe),1010.04
OLIFANTSRIVER,Vaste verbeteringe,Verskering - vaste verbeteringe,711.18
OLIFANTSRIVER,Algemene uitgawes,Admin - Akkreditasie en nakomingskostes,68.16
OLIFANTSRIVER,Algemene uitgawes,Admin - Sekuriteit,184.9
OLIFANTSRIVER,Algemene uitgawes,Administrasie,1581.13
OLIFANTSRIVER,Algemene uitgawes,Elektrisiteit,6260.08
OLIFANTSRIVER,Algemene uitgawes,"Grond-, eiendoms, munisipale belasting",419.23
OLIFANTSRIVER,Algemene uitgawes,Waterkoste / belasting,3536.74
OLIFANTSRIVER,Provision for renewal,Provision for renewal,18300
OLIFANTSRIVER,Total Expenditure,Total Expenditure,67978.64
NORTHERN CAPE,Direkte koste,Gewasbeskerming (swam- en insekbeheer),3193.87
NORTHERN CAPE,Direkte koste,Herstel- en bindmateriaal,361.05
NORTHERN CAPE,Direkte koste,Koelkamer huur,0
NORTHERN CAPE,Direkte koste,"Kunsmis, blaar- en grondontledings",4312.53
NORTHERN CAPE,Direkte koste,Onkruiddoder,811.48
NORTHERN CAPE,Direkte koste,Pakmateriaal,0
NORTHERN CAPE,Direkte koste,"Saad, organiese bemesting en materiaal",45.51
NORTHERN CAPE,Direkte koste,Veevoer en medisyne / Droogmiddels,0
NORTHERN CAPE,Arbeid,Permanente arbeid,10465.64
NORTHERN CAPE,Arbeid,Seisoensarbeid en kontrakwerk,12753.9
NORTHERN CAPE,Arbeid,Toesig en bestuurshulp,3269.34
NORTHERN CAPE,Meganisasie,Brandstof (petrol en diesel) en smeermiddels,6588.07
NORTHERN CAPE,Meganisasie,Herstel. onderdele en reparasies,5169.3
NORTHERN CAPE,Meganisasie,Lisensies en versekering - Voertuie / losbates,1183.67
NORTHERN CAPE,Meganisasie,Vervoer gehuur,1653.61
NORTHERN CAPE,Vaste verbeteringe,Herstelwerk en onderhoud (vaste verbeteringe),2109.87
NORTHERN CAPE,Vaste verbeteringe,Verskering - vaste verbeteringe,914.23
NORTHERN CAPE,Algemene uitgawes,Admin - Akkreditasie en nakomingskostes,365.16
NORTHERN CAPE,Algemene uitgawes,Admin - Sekuriteit,162.11
NORTHERN CAPE,Algemene uitgawes,Administrasie,2978.08
NORTHERN CAPE,Algemene uitgawes,Elektrisiteit,3785.72
NORTHERN CAPE,Algemene uitgawes,"Grond-, eiendoms, munisipale belasting",121.33
NORTHERN CAPE,Algemene uitgawes,Waterkoste / belasting,2773.71
NORTHERN CAPE,Provision for renewal,Provision for renewal,18112
NORTHERN CAPE,Total Expenditure,Total Expenditure,81130.18
KLEIN KAROO,Direkte koste,Gewasbeskerming (swam- en insekbeheer),5294.74
KLEIN KAROO,Direkte koste,Herstel- en bindmateriaal,181
KLEIN KAROO,Direkte koste,Koelkamer huur,0
KLEIN KAROO,Direkte koste,"Kunsmis, blaar- en grondontledings",3609.94
KLEIN KAROO,Direkte koste,Onkruiddoder,1056.62
KLEIN KAROO,Direkte koste,Pakmateriaal,0
KLEIN KAROO,Direkte koste,"Saad, organiese bemesting en materiaal",120
KLEIN KAROO,Direkte koste,Veevoer en medisyne / Droogmiddels,0
KLEIN KAROO,Arbeid,Permanente arbeid,11781.9
KLEIN KAROO,Arbeid,Seisoensarbeid en kontrakwerk,2964.61
KLEIN KAROO,Arbeid,Toesig en bestuurshulp,2430.04
KLEIN KAROO,Meganisasie,Brandstof (petrol en diesel) en smeermiddels,4899.08
KLEIN KAROO,Meganisasie,Herstel. onderdele en reparasies,3441.4
KLEIN KAROO,Meganisasie,Lisensies en versekering - Voertuie / losbates,1007.97
KLEIN KAROO,Meganisasie,Vervoer gehuur,452
KLEIN KAROO,Vaste verbeteringe,Herstelwerk en onderhoud (vaste verbeteringe),2131.03
KLEIN KAROO,Vaste verbeteringe,Verskering - vaste verbeteringe,723
KLEIN KAROO,Algemene uitgawes,Admin - Akkreditasie en nakomingskostes,0
KLEIN KAROO,Algemene uitgawes,Admin - Sekuriteit,0
KLEIN KAROO,Algemene uitgawes,Administrasie,2282.42
KLEIN KAROO,Algemene uitgawes,Elektrisiteit,6770.09
KLEIN KAROO,Algemene uitgawes,"Grond-, eiendoms, munisipale belasting",368
KLEIN KAROO,Algemene uitgawes,Waterkoste / belasting,8527.24
KLEIN KAROO,Provision for renewal,Provision for renewal,18148
KLEIN KAROO,Total Expenditure,Total Expenditure,76189.08
PAARL,Direkte koste,Gewasbeskerming (swam- en insekbeheer),5419.43
PAARL,Direkte koste,Herstel- en bindmateriaal,432.63
PAARL,Direkte koste,Koelkamer huur,0
PAARL,Direkte koste,"Kunsmis, blaar- en grondontledings",3455.86
PAARL,Direkte koste,Onkruiddoder,1644.8
PAARL,Direkte koste,Pakmateriaal,0
PAARL,Direkte koste,"Saad, organiese bemesting en materiaal",570.15
PAARL,Direkte koste,Veevoer en medisyne / Droogmiddels,0
PAARL,Arbeid,Permanente arbeid,9349.39
PAARL,Arbeid,Seisoensarbeid en kontrakwerk,8445.06
PAARL,Arbeid,Toesig en bestuurshulp,3499.87
PAARL,Meganisasie,Brandstof (petrol en diesel) en smeermiddels,4506.19
PAARL,Meganisasie,Herstel. onderdele en reparasies,5006.41
PAARL,Meganisasie,Lisensies en versekering - Voertuie / losbates,671.92
PAARL,Meganisasie,Vervoer gehuur,609.39
PAARL,Vaste verbeteringe,Herstelwerk en onderhoud (vaste verbeteringe),1108.89
PAARL,Vaste verbeteringe,Verskering - vaste verbeteringe,518.19
PAARL,Algemene uitgawes,Admin - Akkreditasie en nakomingskostes,162.82
PAARL,Algemene uitgawes,Admin - Sekuriteit,275.18
PAARL,Algemene uitgawes,Administrasie,1846.5
PAARL,Algemene uitgawes,Elektrisiteit,4389.89
PAARL,Algemene uitgawes,"Grond-, eiendoms, munisipale belasting",357.05
PAARL,Algemene uitgawes,Waterkoste / belasting,1057.69
PAARL,Provision for renewal,Provision for renewal,17152
PAARL,Total Expenditure,Total Expenditure,70494.01
STELLENBOSCH,Direkte koste,Gewasbeskerming (swam- en insekbeheer),5610.08
STELLENBOSCH,Direkte koste,Herstel- en bindmateriaal,498.71
STELLENBOSCH,Direkte koste,Koelkamer huur,0
STELLENBOSCH,Direkte koste,"Kunsmis, blaar- en grondontledings",1812.08
STELLENBOSCH,Direkte koste,Onkruiddoder,2342.18
STELLENBOSCH,Direkte koste,Pakmateriaal,0
STELLENBOSCH,Direkte koste,"Saad, organiese bemesting en materiaal",680.97
STELLENBOSCH,Direkte koste,Veevoer en medisyne / Droogmiddels,0
STELLENBOSCH,Arbeid,Permanente arbeid,15077.58
STELLENBOSCH,Arbeid,Seisoensarbeid en kontrakwerk,10359.53
STELLENBOSCH,Arbeid,Toesig en bestuurshulp,6305.26
STELLENBOSCH,Meganisasie,Brandstof (petrol en diesel) en smeermiddels,4791.32
STELLENBOSCH,Meganisasie,Herstel. onderdele en reparasies,4826.79
STELLENBOSCH,Meganisasie,Lisensies en versekering - Voertuie / losbates,693.63
STELLENBOSCH,Meganisasie,Vervoer gehuur,530.9
STELLENBOSCH,Vaste verbeteringe,Herstelwerk en onderhoud (vaste verbeteringe),1647.95
STELLENBOSCH,Vaste verbeteringe,Verskering - vaste verbeteringe,613.91
STELLENBOSCH,Algemene uitgawes,Admin - Akkreditasie en nakomingskostes,107.45
STELLENBOSCH,Algemene uitgawes,Admin - Sekuriteit,662.3
STELLENBOSCH,Algemene uitgawes,Administrasie,2629.36
STELLENBOSCH,Algemene uitgawes,Elektrisiteit,2468.71
STELLENBOSCH,Algemene uitgawes,"Grond-, eiendoms, munisipale belasting",683.11
STELLENBOSCH,Algemene uitgawes,Waterkoste / belasting,809.54
STELLENBOSCH,Provision for renewal,Provision for renewal,16965
STELLENBOSCH,Total Expenditure,Total Expenditure,80124.58
CAPE SOUTH COAST,Direkte koste,Gewasbeskerming (swam- en insekbeheer),8307.06
CAPE SOUTH COAST,Direkte koste,Herstel- en bindmateriaal,469.5
CAPE SOUTH COAST,Direkte koste,Koelkamer huur,0
CAPE SOUTH COAST,Direkte koste,"Kunsmis, blaar- en grondontledings",2395.41
CAPE SOUTH COAST,Direkte koste,Onkruiddoder,1818.3
CAPE SOUTH COAST,Direkte koste,Pakmateriaal,0
CAPE SOUTH COAST,Direkte koste,"Saad, organiese bemesting en materiaal",1327.02
CAPE SOUTH COAST,Direkte koste,Veevoer en medisyne / Droogmiddels,0
CAPE SOUTH COAST,Arbeid,Permanente arbeid,21890.82
CAPE SOUTH COAST,Arbeid,Seisoensarbeid en kontrakwerk,8886.93
CAPE SOUTH COAST,Arbeid,Toesig en bestuurshulp,8508.89
CAPE SOUTH COAST,Meganisasie,Brandstof (petrol en diesel) en smeermiddels,5932.01
CAPE SOUTH COAST,Meganisasie,Herstel. onderdele en reparasies,5243.92
CAPE SOUTH COAST,Meganisasie,Lisensies en versekering - Voertuie / losbates,797.98
CAPE SOUTH COAST,Meganisasie,Vervoer gehuur,925.85
CAPE SOUTH COAST,Vaste verbeteringe,Herstelwerk en onderhoud (vaste verbeteringe),1516.01
CAPE SOUTH COAST,Vaste verbeteringe,Verskering - vaste verbeteringe,969.29
CAPE SOUTH COAST,Algemene uitgawes,Admin - Akkreditasie en nakomingskostes,180.24
CAPE SOUTH COAST,Algemene uitgawes,Admin - Sekuriteit,860.72
CAPE SOUTH COAST,Algemene uitgawes,Administrasie,4335.31
CAPE SOUTH COAST,Algemene uitgawes,Elektrisiteit,2855.43
CAPE SOUTH COAST,Algemene uitgawes,"Grond-, eiendoms, munisipale belasting",850.56
CAPE SOUTH COAST,Algemene uitgawes,Waterkoste / belasting,731.29
CAPE SOUTH COAST,Provision for renewal,Provision for renewal,20207
CAPE SOUTH COAST,Total Expenditure,Total Expenditure,99009.54
CAPE TOWN,Direkte koste,Gewasbeskerming (swam- en insekbeheer),5559.36
CAPE TOWN,Direkte koste,Herstel- en bindmateriaal,322.74
CAPE TOWN,Direkte koste,Koelkamer huur,0
CAPE TOWN,Direkte koste,"Kunsmis, blaar- en grondontledings",1686.23
CAPE TOWN,Direkte koste,Onkruiddoder,2899.63
CAPE TOWN,Direkte koste,Pakmateriaal,18.15
CAPE TOWN,Direkte koste,"Saad, organiese bemesting en materiaal",372.21
CAPE TOWN,Direkte koste,Veevoer en medisyne / Droogmiddels,0
CAPE TOWN,Arbeid,Permanente arbeid,12707.62
CAPE TOWN,Arbeid,Seisoensarbeid en kontrakwerk,10547.43
CAPE TOWN,Arbeid,Toesig en bestuurshulp,4322.57
CAPE TOWN,Meganisasie,Brandstof (petrol en diesel) en smeermiddels,3785.55
CAPE TOWN,Meganisasie,Herstel. onderdele en reparasies,6007.53
CAPE TOWN,Meganisasie,Lisensies en versekering - Voertuie / losbates,1219.43
CAPE TOWN,Meganisasie,Vervoer gehuur,647.92
CAPE TOWN,Vaste verbeteringe,Herstelwerk en onderhoud (vaste verbeteringe),1198.86
CAPE TOWN,Vaste verbeteringe,Verskering - vaste verbeteringe,680.07
CAPE TOWN,Algemene uitgawes,Admin - Akkreditasie en nakomingskostes,265.98
CAPE TOWN,Algemene uitgawes,Admin - Sekuriteit,248.17
CAPE TOWN,Algemene uitgawes,Administrasie,5105.62
CAPE TOWN,Algemene uitgawes,Elektrisiteit,1949.08
CAPE TOWN,Algemene uitgawes,"Grond-, eiendoms, munisipale belasting",765.63
CAPE TOWN,Algemene uitgawes,Waterkoste / belasting,624.55
CAPE TOWN,Provision for renewal,Provision for renewal,16886
CAPE TOWN,Total Expenditure,Total Expenditure,77820.33
SWARTLAND,Direkte koste,Gewasbeskerming (swam- en insekbeheer),3848.59
SWARTLAND,Direkte koste,Herstel- en bindmateriaal,303.33
SWARTLAND,Direkte koste,Koelkamer huur,0
SWARTLAND,Direkte koste,"Kunsmis, blaar- en grondontledings",858.23
SWARTLAND,Direkte koste,Onkruiddoder,1874.08
SWARTLAND,Direkte koste,Pakmateriaal,0
SWARTLAND,Direkte koste,"Saad, organiese bemesting en materiaal",376.85
SWARTLAND,Direkte koste,Veevoer en medisyne / Droogmiddels,0
SWARTLAND,Arbeid,Permanente arbeid,8203.54
SWARTLAND,Arbeid,Seisoensarbeid en kontrakwerk,7774.34
SWARTLAND,Arbeid,Toesig en bestuurshulp,1576.55
SWARTLAND,Meganisasie,Brandstof (petrol en diesel) en smeermiddels,3633.83
SWARTLAND,Meganisasie,Herstel. onderdele en reparasies,2924.89
SWARTLAND,Meganisasie,Lisensies en versekering - Voertuie / losbates,552.74
SWARTLAND,Meganisasie,Vervoer gehuur,887.95
SWARTLAND,Vaste verbeteringe,Herstelwerk en onderhoud (vaste verbeteringe),713.06
SWARTLAND,Vaste verbeteringe,Verskering - vaste verbeteringe,288.34
SWARTLAND,Algemene uitgawes,Admin - Akkreditasie en nakomingskostes,28.19
SWARTLAND,Algemene uitgawes,Admin - Sekuriteit,104.07
SWARTLAND,Algemene uitgawes,Administrasie,1881.86
SWARTLAND,Algemene uitgawes,Elektrisiteit,1178.11
SWARTLAND,Algemene uitgawes,"Grond-, eiendoms, munisipale belasting",304.22
SWARTLAND,Algemene uitgawes,Waterkoste / belasting,1435.42
SWARTLAND,Provision for renewal,Provision for renewal,13452
SWARTLAND,Total Expenditure,Total Expenditure,52200.19
