Region,Category,Item,Avg_Cost
BREEDEKLOOF,Direkte koste,Gewasbeskerming (swam- en insekbeheer),6037
BREEDEKLOOF,Direkte koste,Herstel- en bindmateriaal,395
BREEDEKLOOF,Direkte koste,Koelkamer huur,0
BREEDEKLOOF,Direkte koste,"Kunsmis, blaar- en grondontledings",4031
BREEDEKLOOF,Direkte koste,Onkruiddoder,2150
BREEDEKLOOF,Direkte koste,Pakmateriaal,0
BREEDEKLOOF,Direkte koste,"Saad, organiese bemesting en materiaal",2856
BREEDEKLOOF,Direkte koste,Veevoer en medisyne / Droogmiddels,0
BREEDEKLOOF,Arbeid,Permanente arbeid,13174
BREEDEKLOOF,Arbeid,Seisoensarbeid en kontrakwerk,3316
BREEDEKLOOF,Arbeid,Toesig en bestuurshulp,3714
BREEDEKLOOF,Meganisasie,Brandstof (petrol en diesel) en smeermiddels,4649
BREEDEKLOOF,Meganisasie,Herstel. onderdele en reparasies,4993
BREEDEKLOOF,Meganisasie,Lisensies en versekering - Voertuie / losbates,942
BREEDEKLOOF,Meganisasie,Vervoer gehuur,212
BREEDEKLOOF,Vaste verbeteringe,Herstelwerk en onderhoud (vaste verbeteringe),2701
BREEDEKLOOF,Vaste verbeteringe,Verskering - vaste verbeteringe,556
BREEDEKLOOF,Algemene uitgawes,Admin - Akkreditasie en nakomingskostes,0
BREEDEKLOOF,Algemene uitgawes,Admin - Sekuriteit,0
BREEDEKLOOF,Algemene uitgawes,Administrasie,2127
BREEDEKLOOF,Algemene uitgawes,Elektrisiteit,6467
BREEDEKLOOF,Algemene uitgawes,"Grond-, eiendoms, munisipale belasting",416
BREEDEKLOOF,Algemene uitgawes,Waterkoste / belasting,561
BREEDEKLOOF,Provision for renewal,Provision for renewal,19377
BREEDEKLOOF,Total Expenditure,Total Expenditure,78674
ROBERTSON,Direkte koste,Gewasbeskerming (swam- en insekbeheer),5273
ROBERTSON,Direkte koste,Herstel- en bindmateriaal,398
ROBERTSON,Direkte koste,Koelkamer huur,0
ROBERTSON,Direkte koste,"Kunsmis, blaar- en grondontledings",5050
ROBERTSON,Direkte koste,Onkruiddoder,2267
ROBERTSON,Direkte koste,Pakmateriaal,0
ROBERTSON,Direkte koste,"Saad, organiese bemesting en materiaal",1055
ROBERTSON,Direkte koste,Veevoer en medisyne / Droogmiddels,0
ROBERTSON,Arbeid,Permanente arbeid,10046
ROBERTSON,Arbeid,Seisoensarbeid en kontrakwerk,8301
ROBERTSON,Arbeid,Toesig en bestuurshulp,3599
ROBERTSON,Meganisasie,Brandstof (petrol en diesel) en smeermiddels,4079
ROBERTSON,Meganisasie,Herstel. onderdele en reparasies,6050
ROBERTSON,Meganisasie,Lisensies en versekering - Voertuie / losbates,833
ROBERTSON,Meganisasie,Vervoer gehuur,2073
ROBERTSON,Vaste verbeteringe,Herstelwerk en onderhoud (vaste verbeteringe),2933
ROBERTSON,Vaste verbeteringe,Verskering - vaste verbeteringe,655
ROBERTSON,Algemene uitgawes,Admin - Akkreditasie en nakomingskostes,0
ROBERTSON,Algemene uitgawes,Admin - Sekuriteit,0
ROBERTSON,Algemene uitgawes,Administrasie,2087
ROBERTSON,Algemene uitgawes,Elektrisiteit,5892
ROBERTSON,Algemene uitgawes,"Grond-, eiendoms, munisipale belasting",520
ROBERTSON,Algemene uitgawes,Waterkoste / belasting,1421
ROBERTSON,Provision for renewal,Provision for renewal,20060
ROBERTSON,Total Expenditure,Total Expenditure,82592
WORCESTER,Direkte koste,Gewasbeskerming (swam- en insekbeheer),5542
WORCESTER,Direkte koste,Herstel- en bindmateriaal,336
WORCESTER,Direkte koste,Koelkamer huur,0
WORCESTER,Direkte koste,"Kunsmis, blaar- en grondontledings",5224
WORCESTER,Direkte koste,Onkruiddoder,2260
WORCESTER,Direkte koste,Pakmateriaal,0
WORCESTER,Direkte koste,"Saad, organiese bemesting en materiaal",505
WORCESTER,Direkte koste,Veevoer en medisyne / Droogmiddels,0
WORCESTER,Arbeid,Permanente arbeid,14323
WORCESTER,Arbeid,Seisoensarbeid en kontrakwerk,1707
WORCESTER,Arbeid,Toesig en bestuurshulp,3074
WORCESTER,Meganisasie,Brandstof (petrol en diesel) en smeermiddels,4539
WORCESTER,Meganisasie,Herstel. onderdele en reparasies,5148
WORCESTER,Meganisasie,Lisensies en versekering - Voertuie / losbates,1130
WORCESTER,Meganisasie,Vervoer gehuur,330
WORCESTER,Vaste verbeteringe,Herstelwerk en onderhoud (vaste verbeteringe),3080
WORCESTER,Vaste verbeteringe,Verskering - vaste verbeteringe,831
WORCESTER,Algemene uitgawes,Admin - Akkreditasie en nakomingskostes,0
WORCESTER,Algemene uitgawes,Admin - Sekuriteit,0
WORCESTER,Algemene uitgawes,Administrasie,2772
WORCESTER,Algemene uitgawes,Elektrisiteit,5700
WORCESTER,Algemene uitgawes,"Grond-, eiendoms, munisipale belasting",436
WORCESTER,Algemene uitgawes,Waterkoste / belasting,2660
WORCESTER,Provision for renewal,Provision for renewal,20420
WORCESTER,Total Expenditure,Total Expenditure,80017
OLIFANTSRIVER,Direkte koste,Gewasbeskerming (swam- en insekbeheer),4604
OLIFANTSRIVER,Direkte koste,Herstel- en bindmateriaal,341
OLIFANTSRIVER,Direkte koste,Koelkamer huur,0
OLIFANTSRIVER,Direkte koste,"Kunsmis, blaar- en grondontledings",5109
OLIFANTSRIVER,Direkte koste,Onkruiddoder,762
OLIFANTSRIVER,Direkte koste,Pakmateriaal,0
OLIFANTSRIVER,Direkte koste,"Saad, organiese bemesting en materiaal",1261
OLIFANTSRIVER,Direkte koste,Veevoer en medisyne / Droogmiddels,0
OLIFANTSRIVER,Arbeid,Permanente arbeid,9087
OLIFANTSRIVER,Arbeid,Seisoensarbeid en kontrakwerk,3751
OLIFANTSRIVER,Arbeid,Toesig en bestuurshulp,1901
OLIFANTSRIVER,Meganisasie,Brandstof (petrol en diesel) en smeermiddels,4987
OLIFANTSRIVER,Meganisasie,Herstel. onderdele en reparasies,5259
OLIFANTSRIVER,Meganisasie,Lisensies en versekering - Voertuie / losbates,1462
OLIFANTSRIVER,Meganisasie,Vervoer gehuur,871
OLIFANTSRIVER,Vaste verbeteringe,Herstelwerk en onderhoud (vaste verbeteringe),1196
OLIFANTSRIVER,Vaste verbeteringe,Verskering - vaste verbeteringe,733
OLIFANTSRIVER,Algemene uitgawes,Admin - Akkreditasie en nakomingskostes,0
OLIFANTSRIVER,Algemene uitgawes,Admin - Sekuriteit,0
OLIFANTSRIVER,Algemene uitgawes,Administrasie,2254
OLIFANTSRIVER,Algemene uitgawes,Elektrisiteit,6899
OLIFANTSRIVER,Algemene uitgawes,"Grond-, eiendoms, munisipale belasting",351
OLIFANTSRIVER,Algemene uitgawes,Waterkoste / belasting,3482
OLIFANTSRIVER,Provision for renewal,Provision for renewal,19150
OLIFANTSRIVER,Total Expenditure,Total Expenditure,73460
NORTHERN CAPE,Direkte koste,Gewasbeskerming (swam- en insekbeheer),2980
NORTHERN CAPE,Direkte koste,Herstel- en bindmateriaal,438
NORTHERN CAPE,Direkte koste,Koelkamer huur,0
NORTHERN CAPE,Direkte koste,"Kunsmis, blaar- en grondontledings",5116
NORTHERN CAPE,Direkte koste,Onkruiddoder,793
NORTHERN CAPE,Direkte koste,Pakmateriaal,0
NORTHERN CAPE,Direkte koste,"Saad, organiese bemesting en materiaal",93
NORTHERN CAPE,Direkte koste,Veevoer en medisyne / Droogmiddels,0
NORTHERN CAPE,Arbeid,Permanente arbeid,11812
NORTHERN CAPE,Arbeid,Seisoensarbeid en kontrakwerk,20425
NORTHERN CAPE,Arbeid,Toesig en bestuurshulp,5035
NORTHERN CAPE,Meganisasie,Brandstof (petrol en diesel) en smeermiddels,6756
NORTHERN CAPE,Meganisasie,Herstel. onderdele en reparasies,5578
NORTHERN CAPE,Meganisasie,Lisensies en versekering - Voertuie / losbates,1597
NORTHERN CAPE,Meganisasie,Vervoer gehuur,1988
NORTHERN CAPE,Vaste verbeteringe,Herstelwerk en onderhoud (vaste verbeteringe),2384
NORTHERN CAPE,Vaste verbeteringe,Verskering - vaste verbeteringe,1035
NORTHERN CAPE,Algemene uitgawes,Admin - Akkreditasie en nakomingskostes,0
NORTHERN CAPE,Algemene uitgawes,Admin - Sekuriteit,0
NORTHERN CAPE,Algemene uitgawes,Administrasie,3977
NORTHERN CAPE,Algemene uitgawes,Elektrisiteit,4671
NORTHERN CAPE,Algemene uitgawes,"Grond-, eiendoms, munisipale belasting",619
NORTHERN CAPE,Algemene uitgawes,Waterkoste / belasting,3733
NORTHERN CAPE,Provision for renewal,Provision for renewal,19321
NORTHERN CAPE,Total Expenditure,Total Expenditure,98351
KLEIN KAROO,Direkte koste,Gewasbeskerming (swam- en insekbeheer),4486
KLEIN KAROO,Direkte koste,Herstel- en bindmateriaal,330
KLEIN KAROO,Direkte koste,Koelkamer huur,0
KLEIN KAROO,Direkte koste,"Kunsmis, blaar- en grondontledings",3641
KLEIN KAROO,Direkte koste,Onkruiddoder,963
KLEIN KAROO,Direkte koste,Pakmateriaal,0
KLEIN KAROO,Direkte koste,"Saad, organiese bemesting en materiaal",1377
KLEIN KAROO,Direkte koste,Veevoer en medisyne / Droogmiddels,0
KLEIN KAROO,Arbeid,Permanente arbeid,14302
KLEIN KAROO,Arbeid,Seisoensarbeid en kontrakwerk,1737
KLEIN KAROO,Arbeid,Toesig en bestuurshulp,2378
KLEIN KAROO,Meganisasie,Brandstof (petrol en diesel) en smeermiddels,5061
KLEIN KAROO,Meganisasie,Herstel. onderdele en reparasies,4320
KLEIN KAROO,Meganisasie,Lisensies en versekering - Voertuie / losbates,851
KLEIN KAROO,Meganisasie,Vervoer gehuur,296
KLEIN KAROO,Vaste verbeteringe,Herstelwerk en onderhoud (vaste verbeteringe),2964
KLEIN KAROO,Vaste verbeteringe,Verskering - vaste verbeteringe,745
KLEIN KAROO,Algemene uitgawes,Admin - Akkreditasie en nakomingskostes,0
KLEIN KAROO,Algemene uitgawes,Admin - Sekuriteit,0
KLEIN KAROO,Algemene uitgawes,Administrasie,2514
KLEIN KAROO,Algemene uitgawes,Elektrisiteit,7501
KLEIN KAROO,Algemene uitgawes,"Grond-, eiendoms, munisipale belasting",508
KLEIN KAROO,Algemene uitgawes,Waterkoste / belasting,8853
KLEIN KAROO,Provision for renewal,Provision for renewal,21974
KLEIN KAROO,Total Expenditure,Total Expenditure,84801
PAARL,Direkte koste,Gewasbeskerming (swam- en insekbeheer),4808
PAARL,Direkte koste,Herstel- en bindmateriaal,437
PAARL,Direkte koste,Koelkamer huur,0
PAARL,Direkte koste,"Kunsmis, blaar- en grondontledings",3592
PAARL,Direkte koste,Onkruiddoder,2243
PAARL,Direkte koste,Pakmateriaal,0
PAARL,Direkte koste,"Saad, organiese bemesting en materiaal",526
PAARL,Direkte koste,Veevoer en medisyne / Droogmiddels,0
PAARL,Arbeid,Permanente arbeid,8723
PAARL,Arbeid,Seisoensarbeid en kontrakwerk,10130
PAARL,Arbeid,Toesig en bestuurshulp,4513
PAARL,Meganisasie,Brandstof (petrol en diesel) en smeermiddels,4436
PAARL,Meganisasie,Herstel. onderdele en reparasies,4804
PAARL,Meganisasie,Lisensies en versekering - Voertuie / losbates,823
PAARL,Meganisasie,Vervoer gehuur,749
PAARL,Vaste verbeteringe,Herstelwerk en onderhoud (vaste verbeteringe),1441
PAARL,Vaste verbeteringe,Verskering - vaste verbeteringe,521
PAARL,Algemene uitgawes,Admin - Akkreditasie en nakomingskostes,0
PAARL,Algemene uitgawes,Admin - Sekuriteit,0
PAARL,Algemene uitgawes,Administrasie,2500
PAARL,Algemene uitgawes,Elektrisiteit,5031
PAARL,Algemene uitgawes,"Grond-, eiendoms, munisipale belasting",268
PAARL,Algemene uitgawes,Waterkoste / belasting,950
PAARL,Provision for renewal,Provision for renewal,18049
PAARL,Total Expenditure,Total Expenditure,74544
STELLENBOSCH,Direkte koste,Gewasbeskerming (swam- en insekbeheer),5623
STELLENBOSCH,Direkte koste,Herstel- en bindmateriaal,525
STELLENBOSCH,Direkte koste,Koelkamer huur,0
STELLENBOSCH,Direkte koste,"Kunsmis, blaar- en grondontledings",2642
STELLENBOSCH,Direkte koste,Onkruiddoder,1747
STELLENBOSCH,Direkte koste,Pakmateriaal,0
STELLENBOSCH,Direkte koste,"Saad, organiese bemesting en materiaal",861
STELLENBOSCH,Direkte koste,Veevoer en medisyne / Droogmiddels,0
STELLENBOSCH,Arbeid,Permanente arbeid,16753
STELLENBOSCH,Arbeid,Seisoensarbeid en kontrakwerk,10902
STELLENBOSCH,Arbeid,Toesig en bestuurshulp,5661
STELLENBOSCH,Meganisasie,Brandstof (petrol en diesel) en smeermiddels,4008
STELLENBOSCH,Meganisasie,Herstel. onderdele en reparasies,4833
STELLENBOSCH,Meganisasie,Lisensies en versekering - Voertuie / losbates,981
STELLENBOSCH,Meganisasie,Vervoer gehuur,355
STELLENBOSCH,Vaste verbeteringe,Herstelwerk en onderhoud (vaste verbeteringe),2081
STELLENBOSCH,Vaste verbeteringe,Verskering - vaste verbeteringe,553
STELLENBOSCH,Algemene uitgawes,Admin - Akkreditasie en nakomingskostes,0
STELLENBOSCH,Algemene uitgawes,Admin - Sekuriteit,0
STELLENBOSCH,Algemene uitgawes,Administrasie,3937
STELLENBOSCH,Algemene uitgawes,Elektrisiteit,2528
STELLENBOSCH,Algemene uitgawes,"Grond-, eiendoms, munisipale belasting",588
STELLENBOSCH,Algemene uitgawes,Waterkoste / belasting,1081
STELLENBOSCH,Provision for renewal,Provision for renewal,17874
STELLENBOSCH,Total Expenditure,Total Expenditure,83533
CAPE SOUTH COAST,Direkte koste,Gewasbeskerming (swam- en insekbeheer),8979
CAPE SOUTH COAST,Direkte koste,Herstel- en bindmateriaal,483
CAPE SOUTH COAST,Direkte koste,Koelkamer huur,0
CAPE SOUTH COAST,Direkte koste,"Kunsmis, blaar- en grondontledings",3591
CAPE SOUTH COAST,Direkte koste,Onkruiddoder,2526
CAPE SOUTH COAST,Direkte koste,Pakmateriaal,0
CAPE SOUTH COAST,Direkte koste,"Saad, organiese bemesting en materiaal",1345
CAPE SOUTH COAST,Direkte koste,Veevoer en medisyne / Droogmiddels,0
CAPE SOUTH COAST,Arbeid,Permanente arbeid,22940
CAPE SOUTH COAST,Arbeid,Seisoensarbeid en kontrakwerk,10036
CAPE SOUTH COAST,Arbeid,Toesig en bestuurshulp,8355
CAPE SOUTH COAST,Meganisasie,Brandstof (petrol en diesel) en smeermiddels,5868
CAPE SOUTH COAST,Meganisasie,Herstel. onderdele en reparasies,6007
CAPE SOUTH COAST,Meganisasie,Lisensies en versekering - Voertuie / losbates,1198
CAPE SOUTH COAST,Meganisasie,Vervoer gehuur,1428
CAPE SOUTH COAST,Vaste verbeteringe,Herstelwerk en onderhoud (vaste verbeteringe),1792
CAPE SOUTH COAST,Vaste verbeteringe,Verskering - vaste verbeteringe,1060
CAPE SOUTH COAST,Algemene uitgawes,Admin - Akkreditasie en nakomingskostes,0
CAPE SOUTH COAST,Algemene uitgawes,Admin - Sekuriteit,0
CAPE SOUTH COAST,Algemene uitgawes,Administrasie,4413
CAPE SOUTH COAST,Algemene uitgawes,Elektrisiteit,2561
CAPE SOUTH COAST,Algemene uitgawes,"Grond-, eiendoms, munisipale belasting",684
CAPE SOUTH COAST,Algemene uitgawes,Waterkoste / belasting,1030
CAPE SOUTH COAST,Provision for renewal,Provision for renewal,21154
CAPE SOUTH COAST,Total Expenditure,Total Expenditure,105450
CAPE TOWN,Direkte koste,Gewasbeskerming (swam- en insekbeheer),5049.76
CAPE TOWN,Direkte koste,Herstel- en bindmateriaal,565.09
CAPE TOWN,Direkte koste,Koelkamer huur,0
CAPE TOWN,Direkte koste,"Kunsmis, blaar- en grondontledings",2207.44
CAPE TOWN,Direkte koste,Onkruiddoder,1859.06
CAPE TOWN,Direkte koste,Pakmateriaal,78.87
CAPE TOWN,Direkte koste,"Saad, organiese bemesting en materiaal",551.18
CAPE TOWN,Direkte koste,Veevoer en medisyne / Droogmiddels,275.34
CAPE TOWN,Arbeid,Permanente arbeid,11937.02
CAPE TOWN,Arbeid,Seisoensarbeid en kontrakwerk,11263.92
CAPE TOWN,Arbeid,Toesig en bestuurshulp,4536.81
CAPE TOWN,Meganisasie,Brandstof (petrol en diesel) en smeermiddels,5069.73
CAPE TOWN,Meganisasie,Herstel. onderdele en reparasies,5610.48
CAPE TOWN,Meganisasie,Lisensies en versekering - Voertuie / losbates,1619.06
CAPE TOWN,Meganisasie,Vervoer gehuur,514.59
CAPE TOWN,Vaste verbeteringe,Herstelwerk en onderhoud (vaste verbeteringe),2024.9
CAPE TOWN,Vaste verbeteringe,Verskering - vaste verbeteringe,693.83
CAPE TOWN,Algemene uitgawes,Admin - Akkreditasie en nakomingskostes,349.71
CAPE TOWN,Algemene uitgawes,Admin - Sekuriteit,700.31
CAPE TOWN,Algemene uitgawes,Administrasie,4845.53
CAPE TOWN,Algemene uitgawes,Elektrisiteit,2257.16
CAPE TOWN,Algemene uitgawes,"Grond-, eiendoms, munisipale belasting",808.8
CAPE TOWN,Algemene uitgawes,Waterkoste / belasting,983.85
CAPE TOWN,Provision for renewal,Provision for renewal,17735
CAPE TOWN,Total Expenditure,Total Expenditure,81537.44
SWARTLAND,Direkte koste,Gewasbeskerming (swam- en insekbeheer),4059
SWARTLAND,Direkte koste,Herstel- en bindmateriaal,184
SWARTLAND,Direkte koste,Koelkamer huur,0
SWARTLAND,Direkte koste,"Kunsmis, blaar- en grondontledings",1994
SWARTLAND,Direkte koste,Onkruiddoder,1651
SWARTLAND,Direkte koste,Pakmateriaal,0
SWARTLAND,Direkte koste,"Saad, organiese bemesting en materiaal",277
SWARTLAND,Direkte koste,Veevoer en medisyne / Droogmiddels,0
SWARTLAND,Arbeid,Permanente arbeid,9799
SWARTLAND,Arbeid,Seisoensarbeid en kontrakwerk,5558
SWARTLAND,Arbeid,Toesig en bestuurshulp,1443
SWARTLAND,Meganisasie,Brandstof (petrol en diesel) en smeermiddels,3294
SWARTLAND,Meganisasie,Herstel. onderdele en reparasies,2577
SWARTLAND,Meganisasie,Lisensies en versekering - Voertuie / losbates,381
SWARTLAND,Meganisasie,Vervoer gehuur,920
SWARTLAND,Vaste verbeteringe,Herstelwerk en onderhoud (vaste verbeteringe),854
SWARTLAND,Vaste verbeteringe,Verskering - vaste verbeteringe,232
SWARTLAND,Algemene uitgawes,Admin - Akkreditasie en nakomingskostes,0
SWARTLAND,Algemene uitgawes,Admin - Sekuriteit,0
SWARTLAND,Algemene uitgawes,Administrasie,2535
SWARTLAND,Algemene uitgawes,Elektrisiteit,1794
SWARTLAND,Algemene uitgawes,"Grond-, eiendoms, munisipale belasting",267
SWARTLAND,Algemene uitgawes,Waterkoste / belasting,1157
SWARTLAND,Provision for renewal,Provision for renewal,14602
SWARTLAND,Total Expenditure,Total Expenditure,53578
