Year,Region,Category,Item,Avg_Cost,model_ready_blended_growth_percent
2024,BREEDEKLOOF,Direkte koste,Gewasbeskerming (swam- en insekbeheer),5952.12,
2024,BREEDEKLOOF,Direkte koste,Herstel- en bindmateriaal,399.58,
2024,BREEDEKLOOF,Direkte koste,Koelkamer huur,0,
2024,BREEDEKLOOF,Direkte koste,"Kunsmis, blaar- en grondontledings",4193.37,
2024,BREEDEKLOOF,Direkte koste,Onkruiddoder,2118.82,
2024,BREEDEKLOOF,Direkte koste,Pakmateriaal,0,
2024,BREEDEKLOOF,Direkte koste,"Saad, organiese bemesting en materiaal",2361.58,
2024,BREEDEKLOOF,Direkte koste,Veevoer en medisyne / Droogmiddels,0,
2024,BREEDEKLOOF,Arbeid,Permanente arbeid,11723.1,
2024,BREEDEKLOOF,Arbeid,Seisoensarbeid en kontrakwerk,2938.39,
2024,BREEDEKLOOF,Arbeid,Toesig en bestuurshulp,3647.86,
2024,BREEDEKLOOF,Meganisasie,Brandstof (petrol en diesel) en smeermiddels,4824.93,
2024,BREEDEKLOOF,Meganisasie,Herstel. onderdele en reparasies,4680.29,
2024,BREEDEKLOOF,Meganisasie,Lisensies en versekering - Voertuie / losbates,834.37,
2024,BREEDEKLOOF,Meganisasie,Vervoer gehuur,100.96,
2024,BREEDEKLOOF,Vaste verbeteringe,Herstelwerk en onderhoud (vaste verbeteringe),2271.76,
2024,BREEDEKLOOF,Vaste verbeteringe,Verskering - vaste verbeteringe,542.99,
2024,BREEDEKLOOF,Algemene uitgawes,Admin - Akkreditasie en nakomingskostes,316.32,
2024,BREEDEKLOOF,Algemene uitgawes,Admin - Sekuriteit,288.02,
2024,BREEDEKLOOF,Algemene uitgawes,Administrasie,1968.87,
2024,BREEDEKLOOF,Algemene uitgawes,Elektrisiteit,5107.35,
2024,BREEDEKLOOF,Algemene uitgawes,"Grond-, eiendoms, munisipale belasting",392.64,
2024,BREEDEKLOOF,Algemene uitgawes,Waterkoste / belasting,549.44,
2024,BREEDEKLOOF,Provision for renewal,Provision for renewal,20125,
2024,BREEDEKLOOF,Total Expenditure,Total Expenditure,75345.71,
2024,ROBERTSON,Direkte koste,Gewasbeskerming (swam- en insekbeheer),5615.89,
2024,ROBERTSON,Direkte koste,Herstel- en bindmateriaal,372.56,
2024,ROBERTSON,Direkte koste,Koelkamer huur,0,
2024,ROBERTSON,Direkte koste,"Kunsmis, blaar- en grondontledings",5065.21,
2024,ROBERTSON,Direkte koste,Onkruiddoder,2409.82,
2024,ROBERTSON,Direkte koste,Pakmateriaal,0,
2024,ROBERTSON,Direkte koste,"Saad, organiese bemesting en materiaal",751.99,
2024,ROBERTSON,Direkte koste,Veevoer en medisyne / Droogmiddels,0,
2024,ROBERTSON,Arbeid,Permanente arbeid,8787.39,
2024,ROBERTSON,Arbeid,Seisoensarbeid en kontrakwerk,7658.23,
2024,ROBERTSON,Arbeid,Toesig en bestuurshulp,3113.9,
2024,ROBERTSON,Meganisasie,Brandstof (petrol en diesel) en smeermiddels,4516.48,
2024,ROBERTSON,Meganisasie,Herstel. onderdele en reparasies,5704.65,
2024,ROBERTSON,Meganisasie,Lisensies en versekering - Voertuie / losbates,931.85,
2024,ROBERTSON,Meganisasie,Vervoer gehuur,1533.38,
2024,ROBERTSON,Vaste verbeteringe,Herstelwerk en onderhoud (vaste verbeteringe),2899.43,
2024,ROBERTSON,Vaste verbeteringe,Verskering - vaste verbeteringe,601.1,
2024,ROBERTSON,Algemene uitgawes,Admin - Akkreditasie en nakomingskostes,171.48,
2024,ROBERTSON,Algemene uitgawes,Admin - Sekuriteit,342.72,
2024,ROBERTSON,Algemene uitgawes,Administrasie,1605.19,
2024,ROBERTSON,Algemene uitgawes,Elektrisiteit,5354.11,
2024,ROBERTSON,Algemene uitgawes,"Grond-, eiendoms, munisipale belasting",562.71,
2024,ROBERTSON,Algemene uitgawes,Waterkoste / belasting,1256.84,
2024,ROBERTSON,Provision for renewal,Provision for renewal,19071,
2024,ROBERTSON,Total Expenditure,Total Expenditure,78350.81,
2024,WORCESTER,Direkte koste,Gewasbeskerming (swam- en insekbeheer),5297.64,
2024,WORCESTER,Direkte koste,Herstel- en bindmateriaal,539.76,
2024,WORCESTER,Direkte koste,Koelkamer huur,0,
2024,WORCESTER,Direkte koste,"Kunsmis, blaar- en grondontledings",5439.98,
2024,WORCESTER,Direkte koste,Onkruiddoder,2062.99,
2024,WORCESTER,Direkte koste,Pakmateriaal,0,
2024,WORCESTER,Direkte koste,"Saad, organiese bemesting en materiaal",630.77,
2024,WORCESTER,Direkte koste,Veevoer en medisyne / Droogmiddels,0,
2024,WORCESTER,Arbeid,Permanente arbeid,14092.72,
2024,WORCESTER,Arbeid,Seisoensarbeid en kontrakwerk,1671.05,
2024,WORCESTER,Arbeid,Toesig en bestuurshulp,2913.61,
2024,WORCESTER,Meganisasie,Brandstof (petrol en diesel) en smeermiddels,5027.58,
2024,WORCESTER,Meganisasie,Herstel. onderdele en reparasies,4276.33,
2024,WORCESTER,Meganisasie,Lisensies en versekering - Voertuie / losbates,996.87,
2024,WORCESTER,Meganisasie,Vervoer gehuur,399.55,
2024,WORCESTER,Vaste verbeteringe,Herstelwerk en onderhoud (vaste verbeteringe),2922.7,
2024,WORCESTER,Vaste verbeteringe,Verskering - vaste verbeteringe,709.49,
2024,WORCESTER,Algemene uitgawes,Admin - Akkreditasie en nakomingskostes,213.71,
2024,WORCESTER,Algemene uitgawes,Admin - Sekuriteit,241.95,
2024,WORCESTER,Algemene uitgawes,Administrasie,1687.6,
2024,WORCESTER,Algemene uitgawes,Elektrisiteit,4732.05,
2024,WORCESTER,Algemene uitgawes,"Grond-, eiendoms, munisipale belasting",448.41,
2024,WORCESTER,Algemene uitgawes,Waterkoste / belasting,2540.13,
2024,WORCESTER,Provision for renewal,Provision for renewal,18968,
2024,WORCESTER,Total Expenditure,Total Expenditure,75813.79,
2024,OLIFANTSRIVER,Direkte koste,Gewasbeskerming (swam- en insekbeheer),4982.89,
2024,OLIFANTSRIVER,Direkte koste,Herstel- en bindmateriaal,331.5,
2024,OLIFANTSRIVER,Direkte koste,Koelkamer huur,0,
2024,OLIFANTSRIVER,Direkte koste,"Kunsmis, blaar- en grondontledings",4827.11,
2024,OLIFANTSRIVER,Direkte koste,Onkruiddoder,657.33,
2024,OLIFANTSRIVER,Direkte koste,Pakmateriaal,0,
2024,OLIFANTSRIVER,Direkte koste,"Saad, organiese bemesting en materiaal",1003.81,
2024,OLIFANTSRIVER,Direkte koste,Veevoer en medisyne / Droogmiddels,0,
2024,OLIFANTSRIVER,Arbeid,Permanente arbeid,7972.92,
2024,OLIFANTSRIVER,Arbeid,Seisoensarbeid en kontrakwerk,3011.23,
2024,OLIFANTSRIVER,Arbeid,Toesig en bestuurshulp,1633.88,
2024,OLIFANTSRIVER,Meganisasie,Brandstof (petrol en diesel) en smeermiddels,4914.79,
2024,OLIFANTSRIVER,Meganisasie,Herstel. onderdele en reparasies,4720.78,
2024,OLIFANTSRIVER,Meganisasie,Lisensies en versekering - Voertuie / losbates,1156.47,
2024,OLIFANTSRIVER,Meganisasie,Vervoer gehuur,694.47,
2024,OLIFANTSRIVER,Vaste verbeteringe,Herstelwerk en onderhoud (vaste verbeteringe),1010.04,
2024,OLIFANTSRIVER,Vaste verbeteringe,Verskering - vaste verbeteringe,711.18,
2024,OLIFANTSRIVER,Algemene uitgawes,Admin - Akkreditasie en nakomingskostes,68.16,
2024,OLIFANTSRIVER,Algemene uitgawes,Admin - Sekuriteit,184.9,
2024,OLIFANTSRIVER,Algemene uitgawes,Administrasie,1581.13,
2024,OLIFANTSRIVER,Algemene uitgawes,Elektrisiteit,6260.08,
2024,OLIFANTSRIVER,Algemene uitgawes,"Grond-, eiendoms, munisipale belasting",419.23,
2024,OLIFANTSRIVER,Algemene uitgawes,Waterkoste / belasting,3536.74,
2024,OLIFANTSRIVER,Provision for renewal,Provision for renewal,18300,
2024,OLIFANTSRIVER,Total Expenditure,Total Expenditure,67978.64,
2024,NORTHERN CAPE,Direkte koste,Gewasbeskerming (swam- en insekbeheer),3193.87,
2024,NORTHERN CAPE,Direkte koste,Herstel- en bindmateriaal,361.05,
2024,NORTHERN CAPE,Direkte koste,Koelkamer huur,0,
2024,NORTHERN CAPE,Direkte koste,"Kunsmis, blaar- en grondontledings",4312.53,
2024,NORTHERN CAPE,Direkte koste,Onkruiddoder,811.48,
2024,NORTHERN CAPE,Direkte koste,Pakmateriaal,0,
2024,NORTHERN CAPE,Direkte koste,"Saad, organiese bemesting en materiaal",45.51,
2024,NORTHERN CAPE,Direkte koste,Veevoer en medisyne / Droogmiddels,0,
2024,NORTHERN CAPE,Arbeid,Permanente arbeid,10465.64,
2024,NORTHERN CAPE,Arbeid,Seisoensarbeid en kontrakwerk,12753.9,
2024,NORTHERN CAPE,Arbeid,Toesig en bestuurshulp,3269.34,
2024,NORTHERN CAPE,Meganisasie,Brandstof (petrol en diesel) en smeermiddels,6588.07,
2024,NORTHERN CAPE,Meganisasie,Herstel. onderdele en reparasies,5169.3,
2024,NORTHERN CAPE,Meganisasie,Lisensies en versekering - Voertuie / losbates,1183.67,
2024,NORTHERN CAPE,Meganisasie,Vervoer gehuur,1653.61,
2024,NORTHERN CAPE,Vaste verbeteringe,Herstelwerk en onderhoud (vaste verbeteringe),2109.87,
2024,NORTHERN CAPE,Vaste verbeteringe,Verskering - vaste verbeteringe,914.23,
2024,NORTHERN CAPE,Algemene uitgawes,Admin - Akkreditasie en nakomingskostes,365.16,
2024,NORTHERN CAPE,Algemene uitgawes,Admin - Sekuriteit,162.11,
2024,NORTHERN CAPE,Algemene uitgawes,Administrasie,2978.08,
2024,NORTHERN CAPE,Algemene uitgawes,Elektrisiteit,3785.72,
2024,NORTHERN CAPE,Algemene uitgawes,"Grond-, eiendoms, munisipale belasting",121.33,
2024,NORTHERN CAPE,Algemene uitgawes,Waterkoste / belasting,2773.71,
2024,NORTHERN CAPE,Provision for renewal,Provision for renewal,18112,
2024,NORTHERN CAPE,Total Expenditure,Total Expenditure,81130.18,
2024,KLEIN KAROO,Direkte koste,Gewasbeskerming (swam- en insekbeheer),5294.74,
2024,KLEIN KAROO,Direkte koste,Herstel- en bindmateriaal,181,
2024,KLEIN KAROO,Direkte koste,Koelkamer huur,0,
2024,KLEIN KAROO,Direkte koste,"Kunsmis, blaar- en grondontledings",3609.94,
2024,KLEIN KAROO,Direkte koste,Onkruiddoder,1056.62,
2024,KLEIN KAROO,Direkte koste,Pakmateriaal,0,
2024,KLEIN KAROO,Direkte koste,"Saad, organiese bemesting en materiaal",120,
2024,KLEIN KAROO,Direkte koste,Veevoer en medisyne / Droogmiddels,0,
2024,KLEIN KAROO,Arbeid,Permanente arbeid,11781.9,
2024,KLEIN KAROO,Arbeid,Seisoensarbeid en kontrakwerk,2964.61,
2024,KLEIN KAROO,Arbeid,Toesig en bestuurshulp,2430.04,
2024,KLEIN KAROO,Meganisasie,Brandstof (petrol en diesel) en smeermiddels,4899.08,
2024,KLEIN KAROO,Meganisasie,Herstel. onderdele en reparasies,3441.4,
2024,KLEIN KAROO,Meganisasie,Lisensies en versekering - Voertuie / losbates,1007.97,
2024,KLEIN KAROO,Meganisasie,Vervoer gehuur,452,
2024,KLEIN KAROO,Vaste verbeteringe,Herstelwerk en onderhoud (vaste verbeteringe),2131.03,
2024,KLEIN KAROO,Vaste verbeteringe,Verskering - vaste verbeteringe,723,
2024,KLEIN KAROO,Algemene uitgawes,Admin - Akkreditasie en nakomingskostes,0,
2024,KLEIN KAROO,Algemene uitgawes,Admin - Sekuriteit,0,
2024,KLEIN KAROO,Algemene uitgawes,Administrasie,2282.42,
2024,KLEIN KAROO,Algemene uitgawes,Elektrisiteit,6770.09,
2024,KLEIN KAROO,Algemene uitgawes,"Grond-, eiendoms, munisipale belasting",368,
2024,KLEIN KAROO,Algemene uitgawes,Waterkoste / belasting,8527.24,
2024,KLEIN KAROO,Provision for renewal,Provision for renewal,18148,
2024,KLEIN KAROO,Total Expenditure,Total Expenditure,76189.08,
2024,PAARL,Direkte koste,Gewasbeskerming (swam- en insekbeheer),5419.43,
2024,PAARL,Direkte koste,Herstel- en bindmateriaal,432.63,
2024,PAARL,Direkte koste,Koelkamer huur,0,
2024,PAARL,Direkte koste,"Kunsmis, blaar- en grondontledings",3455.86,
2024,PAARL,Direkte koste,Onkruiddoder,1644.8,
2024,PAARL,Direkte koste,Pakmateriaal,0,
2024,PAARL,Direkte koste,"Saad, organiese bemesting en materiaal",570.15,
2024,PAARL,Direkte koste,Veevoer en medisyne / Droogmiddels,0,
2024,PAARL,Arbeid,Permanente arbeid,9349.39,
2024,PAARL,Arbeid,Seisoensarbeid en kontrakwerk,8445.06,
2024,PAARL,Arbeid,Toesig en bestuurshulp,3499.87,
2024,PAARL,Meganisasie,Brandstof (petrol en diesel) en smeermiddels,4506.19,
2024,PAARL,Meganisasie,Herstel. onderdele en reparasies,5006.41,
2024,PAARL,Meganisasie,Lisensies en versekering - Voertuie / losbates,671.92,
2024,PAARL,Meganisasie,Vervoer gehuur,609.39,
2024,PAARL,Vaste verbeteringe,Herstelwerk en onderhoud (vaste verbeteringe),1108.89,
2024,PAARL,Vaste verbeteringe,Verskering - vaste verbeteringe,518.19,
2024,PAARL,Algemene uitgawes,Admin - Akkreditasie en nakomingskostes,162.82,
2024,PAARL,Algemene uitgawes,Admin - Sekuriteit,275.18,
2024,PAARL,Algemene uitgawes,Administrasie,1846.5,
2024,PAARL,Algemene uitgawes,Elektrisiteit,4389.89,
2024,PAARL,Algemene uitgawes,"Grond-, eiendoms, munisipale belasting",357.05,
2024,PAARL,Algemene uitgawes,Waterkoste / belasting,1057.69,
2024,PAARL,Provision for renewal,Provision for renewal,17152,
2024,PAARL,Total Expenditure,Total Expenditure,70494.01,
2024,STELLENBOSCH,Direkte koste,Gewasbeskerming (swam- en insekbeheer),5610.08,
2024,STELLENBOSCH,Direkte koste,Herstel- en bindmateriaal,498.71,
2024,STELLENBOSCH,Direkte koste,Koelkamer huur,0,
2024,STELLENBOSCH,Direkte koste,"Kunsmis, blaar- en grondontledings",1812.08,
2024,STELLENBOSCH,Direkte koste,Onkruiddoder,2342.18,
2024,STELLENBOSCH,Direkte koste,Pakmateriaal,0,
2024,STELLENBOSCH,Direkte koste,"Saad, organiese bemesting en materiaal",680.97,
2024,STELLENBOSCH,Direkte koste,Veevoer en medisyne / Droogmiddels,0,
2024,STELLENBOSCH,Arbeid,Permanente arbeid,15077.58,
2024,STELLENBOSCH,Arbeid,Seisoensarbeid en kontrakwerk,10359.53,
2024,STELLENBOSCH,Arbeid,Toesig en bestuurshulp,6305.26,
2024,STELLENBOSCH,Meganisasie,Brandstof (petrol en diesel) en smeermiddels,4791.32,
2024,STELLENBOSCH,Meganisasie,Herstel. onderdele en reparasies,4826.79,
2024,STELLENBOSCH,Meganisasie,Lisensies en versekering - Voertuie / losbates,693.63,
2024,STELLENBOSCH,Meganisasie,Vervoer gehuur,530.9,
2024,STELLENBOSCH,Vaste verbeteringe,Herstelwerk en onderhoud (vaste verbeteringe),1647.95,
2024,STELLENBOSCH,Vaste verbeteringe,Verskering - vaste verbeteringe,613.91,
2024,STELLENBOSCH,Algemene uitgawes,Admin - Akkreditasie en nakomingskostes,107.45,
2024,STELLENBOSCH,Algemene uitgawes,Admin - Sekuriteit,662.3,
2024,STELLENBOSCH,Algemene uitgawes,Administrasie,2629.36,
2024,STELLENBOSCH,Algemene uitgawes,Elektrisiteit,2468.71,
2024,STELLENBOSCH,Algemene uitgawes,"Grond-, eiendoms, munisipale belasting",683.11,
2024,STELLENBOSCH,Algemene uitgawes,Waterkoste / belasting,809.54,
2024,STELLENBOSCH,Provision for renewal,Provision for renewal,16965,
2024,STELLENBOSCH,Total Expenditure,Total Expenditure,80124.58,
2024,CAPE SOUTH COAST,Direkte koste,Gewasbeskerming (swam- en insekbeheer),8307.06,
2024,CAPE SOUTH COAST,Direkte koste,Herstel- en bindmateriaal,469.5,
2024,CAPE SOUTH COAST,Direkte koste,Koelkamer huur,0,
2024,CAPE SOUTH COAST,Direkte koste,"Kunsmis, blaar- en grondontledings",2395.41,
2024,CAPE SOUTH COAST,Direkte koste,Onkruiddoder,1818.3,
2024,CAPE SOUTH COAST,Direkte koste,Pakmateriaal,0,
2024,CAPE SOUTH COAST,Direkte koste,"Saad, organiese bemesting en materiaal",1327.02,
2024,CAPE SOUTH COAST,Direkte koste,Veevoer en medisyne / Droogmiddels,0,
2024,CAPE SOUTH COAST,Arbeid,Permanente arbeid,21890.82,
2024,CAPE SOUTH COAST,Arbeid,Seisoensarbeid en kontrakwerk,8886.93,
2024,CAPE SOUTH COAST,Arbeid,Toesig en bestuurshulp,8508.89,
2024,CAPE SOUTH COAST,Meganisasie,Brandstof (petrol en diesel) en smeermiddels,5932.01,
2024,CAPE SOUTH COAST,Meganisasie,Herstel. onderdele en reparasies,5243.92,
2024,CAPE SOUTH COAST,Meganisasie,Lisensies en versekering - Voertuie / losbates,797.98,
2024,CAPE SOUTH COAST,Meganisasie,Vervoer gehuur,925.85,
2024,CAPE SOUTH COAST,Vaste verbeteringe,Herstelwerk en onderhoud (vaste verbeteringe),1516.01,
2024,CAPE SOUTH COAST,Vaste verbeteringe,Verskering - vaste verbeteringe,969.29,
2024,CAPE SOUTH COAST,Algemene uitgawes,Admin - Akkreditasie en nakomingskostes,180.24,
2024,CAPE SOUTH COAST,Algemene uitgawes,Admin - Sekuriteit,860.72,
2024,CAPE SOUTH COAST,Algemene uitgawes,Administrasie,4335.31,
2024,CAPE SOUTH COAST,Algemene uitgawes,Elektrisiteit,2855.43,
2024,CAPE SOUTH COAST,Algemene uitgawes,"Grond-, eiendoms, munisipale belasting",850.56,
2024,CAPE SOUTH COAST,Algemene uitgawes,Waterkoste / belasting,731.29,
2024,CAPE SOUTH COAST,Provision for renewal,Provision for renewal,20207,
2024,CAPE SOUTH COAST,Total Expenditure,Total Expenditure,99009.54,
2024,CAPE TOWN,Direkte koste,Gewasbeskerming (swam- en insekbeheer),5559.36,
2024,CAPE TOWN,Direkte koste,Herstel- en bindmateriaal,322.74,
2024,CAPE TOWN,Direkte koste,Koelkamer huur,0,
2024,CAPE TOWN,Direkte koste,"Kunsmis, blaar- en grondontledings",1686.23,
2024,CAPE TOWN,Direkte koste,Onkruiddoder,2899.63,
2024,CAPE TOWN,Direkte koste,Pakmateriaal,18.15,
2024,CAPE TOWN,Direkte koste,"Saad, organiese bemesting en materiaal",372.21,
2024,CAPE TOWN,Direkte koste,Veevoer en medisyne / Droogmiddels,0,
2024,CAPE TOWN,Arbeid,Permanente arbeid,12707.62,
2024,CAPE TOWN,Arbeid,Seisoensarbeid en kontrakwerk,10547.43,
2024,CAPE TOWN,Arbeid,Toesig en bestuurshulp,4322.57,
2024,CAPE TOWN,Meganisasie,Brandstof (petrol en diesel) en smeermiddels,3785.55,
2024,CAPE TOWN,Meganisasie,Herstel. onderdele en reparasies,6007.53,
2024,CAPE TOWN,Meganisasie,Lisensies en versekering - Voertuie / losbates,1219.43,
2024,CAPE TOWN,Meganisasie,Vervoer gehuur,647.92,
2024,CAPE TOWN,Vaste verbeteringe,Herstelwerk en onderhoud (vaste verbeteringe),1198.86,
2024,CAPE TOWN,Vaste verbeteringe,Verskering - vaste verbeteringe,680.07,
2024,CAPE TOWN,Algemene uitgawes,Admin - Akkreditasie en nakomingskostes,265.98,
2024,CAPE TOWN,Algemene uitgawes,Admin - Sekuriteit,248.17,
2024,CAPE TOWN,Algemene uitgawes,Administrasie,5105.62,
2024,CAPE TOWN,Algemene uitgawes,Elektrisiteit,1949.08,
2024,CAPE TOWN,Algemene uitgawes,"Grond-, eiendoms, munisipale belasting",765.63,
2024,CAPE TOWN,Algemene uitgawes,Waterkoste / belasting,624.55,
2024,CAPE TOWN,Provision for renewal,Provision for renewal,16886,
2024,CAPE TOWN,Total Expenditure,Total Expenditure,77820.33,
2024,SWARTLAND,Direkte koste,Gewasbeskerming (swam- en insekbeheer),3848.59,
2024,SWARTLAND,Direkte koste,Herstel- en bindmateriaal,303.33,
2024,SWARTLAND,Direkte koste,Koelkamer huur,0,
2024,SWARTLAND,Direkte koste,"Kunsmis, blaar- en grondontledings",858.23,
2024,SWARTLAND,Direkte koste,Onkruiddoder,1874.08,
2024,SWARTLAND,Direkte koste,Pakmateriaal,0,
2024,SWARTLAND,Direkte koste,"Saad, organiese bemesting en materiaal",376.85,
2024,SWARTLAND,Direkte koste,Veevoer en medisyne / Droogmiddels,0,
2024,SWARTLAND,Arbeid,Permanente arbeid,8203.54,
2024,SWARTLAND,Arbeid,Seisoensarbeid en kontrakwerk,7774.34,
2024,SWARTLAND,Arbeid,Toesig en bestuurshulp,1576.55,
2024,SWARTLAND,Meganisasie,Brandstof (petrol en diesel) en smeermiddels,3633.83,
2024,SWARTLAND,Meganisasie,Herstel. onderdele en reparasies,2924.89,
2024,SWARTLAND,Meganisasie,Lisensies en versekering - Voertuie / losbates,552.74,
2024,SWARTLAND,Meganisasie,Vervoer gehuur,887.95,
2024,SWARTLAND,Vaste verbeteringe,Herstelwerk en onderhoud (vaste verbeteringe),713.06,
2024,SWARTLAND,Vaste verbeteringe,Verskering - vaste verbeteringe,288.34,
2024,SWARTLAND,Algemene uitgawes,Admin - Akkreditasie en nakomingskostes,28.19,
2024,SWARTLAND,Algemene uitgawes,Admin - Sekuriteit,104.07,
2024,SWARTLAND,Algemene uitgawes,Administrasie,1881.86,
2024,SWARTLAND,Algemene uitgawes,Elektrisiteit,1178.11,
2024,SWARTLAND,Algemene uitgawes,"Grond-, eiendoms, munisipale belasting",304.22,
2024,SWARTLAND,Algemene uitgawes,Waterkoste / belasting,1435.42,
2024,SWARTLAND,Provision for renewal,Provision for renewal,13452,
2024,SWARTLAND,Total Expenditure,Total Expenditure,52200.19,
2025,BREEDEKLOOF,Direkte koste,Gewasbeskerming (swam- en insekbeheer),6037,9.726198759
2025,BREEDEKLOOF,Direkte koste,Herstel- en bindmateriaal,395,0.125815156
2025,BREEDEKLOOF,Direkte koste,Koelkamer huur,0,0
2025,BREEDEKLOOF,Direkte koste,"Kunsmis, blaar- en grondontledings",4031,8.825153901
2025,BREEDEKLOOF,Direkte koste,Onkruiddoder,2150,7.373788384
2025,BREEDEKLOOF,Direkte koste,Pakmateriaal,0,0
2025,BREEDEKLOOF,Direkte koste,"Saad, organiese bemesting en materiaal",2856,6.999564785
2025,BREEDEKLOOF,Direkte koste,Veevoer en medisyne / Droogmiddels,0,0
2025,BREEDEKLOOF,Arbeid,Permanente arbeid,13174,6.422850851
2025,BREEDEKLOOF,Arbeid,Seisoensarbeid en kontrakwerk,3316,8.004926008
2025,BREEDEKLOOF,Arbeid,Toesig en bestuurshulp,3714,6.680567582
2025,BREEDEKLOOF,Meganisasie,Brandstof (petrol en diesel) en smeermiddels,4649,2.481025047
2025,BREEDEKLOOF,Meganisasie,Herstel. onderdele en reparasies,4993,6.10395451
2025,BREEDEKLOOF,Meganisasie,Lisensies en versekering - Voertuie / losbates,942,4.832445596
2025,BREEDEKLOOF,Meganisasie,Vervoer gehuur,212,0.083458453
2025,BREEDEKLOOF,Vaste verbeteringe,Herstelwerk en onderhoud (vaste verbeteringe),2701,3.400037918
2025,BREEDEKLOOF,Vaste verbeteringe,Verskering - vaste verbeteringe,556,5.147008173
2025,BREEDEKLOOF,Algemene uitgawes,Admin - Akkreditasie en nakomingskostes,0,8.438293136
2025,BREEDEKLOOF,Algemene uitgawes,Admin - Sekuriteit,0,8.438293136
2025,BREEDEKLOOF,Algemene uitgawes,Administrasie,2127,8.438293136
2025,BREEDEKLOOF,Algemene uitgawes,Elektrisiteit,6467,6.74181912
2025,BREEDEKLOOF,Algemene uitgawes,"Grond-, eiendoms, munisipale belasting",416,3.11704097
2025,BREEDEKLOOF,Algemene uitgawes,Waterkoste / belasting,561,8.826398885
2025,BREEDEKLOOF,Provision for renewal,Provision for renewal,19377,6.254122754
2025,BREEDEKLOOF,Total Expenditure,Total Expenditure,78674,
2025,ROBERTSON,Direkte koste,Gewasbeskerming (swam- en insekbeheer),5273,10.53516365
2025,ROBERTSON,Direkte koste,Herstel- en bindmateriaal,398,1.311030811
2025,ROBERTSON,Direkte koste,Koelkamer huur,0,0
2025,ROBERTSON,Direkte koste,"Kunsmis, blaar- en grondontledings",5050,11.96109877
2025,ROBERTSON,Direkte koste,Onkruiddoder,2267,9.520393996
2025,ROBERTSON,Direkte koste,Pakmateriaal,0,0
2025,ROBERTSON,Direkte koste,"Saad, organiese bemesting en materiaal",1055,10.09575095
2025,ROBERTSON,Direkte koste,Veevoer en medisyne / Droogmiddels,0,0
2025,ROBERTSON,Arbeid,Permanente arbeid,10046,6.743868323
2025,ROBERTSON,Arbeid,Seisoensarbeid en kontrakwerk,8301,12.2301836
2025,ROBERTSON,Arbeid,Toesig en bestuurshulp,3599,1.494581288
2025,ROBERTSON,Meganisasie,Brandstof (petrol en diesel) en smeermiddels,4079,6.665412881
2025,ROBERTSON,Meganisasie,Herstel. onderdele en reparasies,6050,7.859212153
2025,ROBERTSON,Meganisasie,Lisensies en versekering - Voertuie / losbates,833,2.427349571
2025,ROBERTSON,Meganisasie,Vervoer gehuur,2073,7.057074323
2025,ROBERTSON,Vaste verbeteringe,Herstelwerk en onderhoud (vaste verbeteringe),2933,16.20735191
2025,ROBERTSON,Vaste verbeteringe,Verskering - vaste verbeteringe,655,4.100141919
2025,ROBERTSON,Algemene uitgawes,Admin - Akkreditasie en nakomingskostes,0,3.716185901
2025,ROBERTSON,Algemene uitgawes,Admin - Sekuriteit,0,3.716185901
2025,ROBERTSON,Algemene uitgawes,Administrasie,2087,3.716185901
2025,ROBERTSON,Algemene uitgawes,Elektrisiteit,5892,5.126032092
2025,ROBERTSON,Algemene uitgawes,"Grond-, eiendoms, munisipale belasting",520,5.434030209
2025,ROBERTSON,Algemene uitgawes,Waterkoste / belasting,1421,2.503638115
2025,ROBERTSON,Provision for renewal,Provision for renewal,20060,6.748061656
2025,ROBERTSON,Total Expenditure,Total Expenditure,82592,
2025,WORCESTER,Direkte koste,Gewasbeskerming (swam- en insekbeheer),5542,8.893973047
2025,WORCESTER,Direkte koste,Herstel- en bindmateriaal,336,-1.840020839
2025,WORCESTER,Direkte koste,Koelkamer huur,0,0
2025,WORCESTER,Direkte koste,"Kunsmis, blaar- en grondontledings",5224,12.21161575
2025,WORCESTER,Direkte koste,Onkruiddoder,2260,10.05593152
2025,WORCESTER,Direkte koste,Pakmateriaal,0,0
2025,WORCESTER,Direkte koste,"Saad, organiese bemesting en materiaal",505,5.68389943
2025,WORCESTER,Direkte koste,Veevoer en medisyne / Droogmiddels,0,0
2025,WORCESTER,Arbeid,Permanente arbeid,14323,8.034185818
2025,WORCESTER,Arbeid,Seisoensarbeid en kontrakwerk,1707,13.9274742
2025,WORCESTER,Arbeid,Toesig en bestuurshulp,3074,2.246323551
2025,WORCESTER,Meganisasie,Brandstof (petrol en diesel) en smeermiddels,4539,3.546268216
2025,WORCESTER,Meganisasie,Herstel. onderdele en reparasies,5148,7.503975972
2025,WORCESTER,Meganisasie,Lisensies en versekering - Voertuie / losbates,1130,6.96549128
2025,WORCESTER,Meganisasie,Vervoer gehuur,330,6.902471984
2025,WORCESTER,Vaste verbeteringe,Herstelwerk en onderhoud (vaste verbeteringe),3080,16.19782593
2025,WORCESTER,Vaste verbeteringe,Verskering - vaste verbeteringe,831,8.601714568
2025,WORCESTER,Algemene uitgawes,Admin - Akkreditasie en nakomingskostes,0,8.440610109
2025,WORCESTER,Algemene uitgawes,Admin - Sekuriteit,0,8.440610109
2025,WORCESTER,Algemene uitgawes,Administrasie,2772,8.440610109
2025,WORCESTER,Algemene uitgawes,Elektrisiteit,5700,7.802876085
2025,WORCESTER,Algemene uitgawes,"Grond-, eiendoms, munisipale belasting",436,9.308166905
2025,WORCESTER,Algemene uitgawes,Waterkoste / belasting,2660,2.187904486
2025,WORCESTER,Provision for renewal,Provision for renewal,20420,6.511346818
2025,WORCESTER,Total Expenditure,Total Expenditure,80017,
2025,OLIFANTSRIVER,Direkte koste,Gewasbeskerming (swam- en insekbeheer),4604,4.2029353
2025,OLIFANTSRIVER,Direkte koste,Herstel- en bindmateriaal,341,0.724737359
2025,OLIFANTSRIVER,Direkte koste,Koelkamer huur,0,0
2025,OLIFANTSRIVER,Direkte koste,"Kunsmis, blaar- en grondontledings",5109,9.799815834
2025,OLIFANTSRIVER,Direkte koste,Onkruiddoder,762,1.947660253
2025,OLIFANTSRIVER,Direkte koste,Pakmateriaal,0,0
2025,OLIFANTSRIVER,Direkte koste,"Saad, organiese bemesting en materiaal",1261,10.47581964
2025,OLIFANTSRIVER,Direkte koste,Veevoer en medisyne / Droogmiddels,0,0
2025,OLIFANTSRIVER,Arbeid,Permanente arbeid,9087,3.543987035
2025,OLIFANTSRIVER,Arbeid,Seisoensarbeid en kontrakwerk,3751,5.525992581
2025,OLIFANTSRIVER,Arbeid,Toesig en bestuurshulp,1901,1.519005269
2025,OLIFANTSRIVER,Meganisasie,Brandstof (petrol en diesel) en smeermiddels,4987,2.019081984
2025,OLIFANTSRIVER,Meganisasie,Herstel. onderdele en reparasies,5259,8.178576351
2025,OLIFANTSRIVER,Meganisasie,Lisensies en versekering - Voertuie / losbates,1462,2.768152562
2025,OLIFANTSRIVER,Meganisasie,Vervoer gehuur,871,-13.32471777
2025,OLIFANTSRIVER,Vaste verbeteringe,Herstelwerk en onderhoud (vaste verbeteringe),1196,-2.771019874
2025,OLIFANTSRIVER,Vaste verbeteringe,Verskering - vaste verbeteringe,733,3.069502344
2025,OLIFANTSRIVER,Algemene uitgawes,Admin - Akkreditasie en nakomingskostes,0,1.865976725
2025,OLIFANTSRIVER,Algemene uitgawes,Admin - Sekuriteit,0,1.865976725
2025,OLIFANTSRIVER,Algemene uitgawes,Administrasie,2254,1.865976725
2025,OLIFANTSRIVER,Algemene uitgawes,Elektrisiteit,6899,11.12945398
2025,OLIFANTSRIVER,Algemene uitgawes,"Grond-, eiendoms, munisipale belasting",351,0.53487281
2025,OLIFANTSRIVER,Algemene uitgawes,Waterkoste / belasting,3482,4.58222248
2025,OLIFANTSRIVER,Provision for renewal,Provision for renewal,19150,5.769334013
2025,OLIFANTSRIVER,Total Expenditure,Total Expenditure,73460,
2025,NORTHERN CAPE,Direkte koste,Gewasbeskerming (swam- en insekbeheer),2980,9.264412214
2025,NORTHERN CAPE,Direkte koste,Herstel- en bindmateriaal,438,2.491180569
2025,NORTHERN CAPE,Direkte koste,Koelkamer huur,0,0
2025,NORTHERN CAPE,Direkte koste,"Kunsmis, blaar- en grondontledings",5116,15.09342714
2025,NORTHERN CAPE,Direkte koste,Onkruiddoder,793,3.897316865
2025,NORTHERN CAPE,Direkte koste,Pakmateriaal,0,0
2025,NORTHERN CAPE,Direkte koste,"Saad, organiese bemesting en materiaal",93,4.747900191
2025,NORTHERN CAPE,Direkte koste,Veevoer en medisyne / Droogmiddels,0,0
2025,NORTHERN CAPE,Arbeid,Permanente arbeid,11812,6.761874445
2025,NORTHERN CAPE,Arbeid,Seisoensarbeid en kontrakwerk,20425,10.20993161
2025,NORTHERN CAPE,Arbeid,Toesig en bestuurshulp,5035,16.28678691
2025,NORTHERN CAPE,Meganisasie,Brandstof (petrol en diesel) en smeermiddels,6756,5.507455357
2025,NORTHERN CAPE,Meganisasie,Herstel. onderdele en reparasies,5578,8.39733999
2025,NORTHERN CAPE,Meganisasie,Lisensies en versekering - Voertuie / losbates,1597,5.729181835
2025,NORTHERN CAPE,Meganisasie,Vervoer gehuur,1988,16.51178088
2025,NORTHERN CAPE,Vaste verbeteringe,Herstelwerk en onderhoud (vaste verbeteringe),2384,25.13624147
2025,NORTHERN CAPE,Vaste verbeteringe,Verskering - vaste verbeteringe,1035,4.325230058
2025,NORTHERN CAPE,Algemene uitgawes,Admin - Akkreditasie en nakomingskostes,0,9.484726546
2025,NORTHERN CAPE,Algemene uitgawes,Admin - Sekuriteit,0,9.484726546
2025,NORTHERN CAPE,Algemene uitgawes,Administrasie,3977,9.484726546
2025,NORTHERN CAPE,Algemene uitgawes,Elektrisiteit,4671,10.62732294
2025,NORTHERN CAPE,Algemene uitgawes,"Grond-, eiendoms, munisipale belasting",619,4.068427507
2025,NORTHERN CAPE,Algemene uitgawes,Waterkoste / belasting,3733,8.214732317
2025,NORTHERN CAPE,Provision for renewal,Provision for renewal,19321,7.10038965
2025,NORTHERN CAPE,Total Expenditure,Total Expenditure,98351,
2025,KLEIN KAROO,Direkte koste,Gewasbeskerming (swam- en insekbeheer),4486,10.28716754
2025,KLEIN KAROO,Direkte koste,Herstel- en bindmateriaal,330,-4.062319957
2025,KLEIN KAROO,Direkte koste,Koelkamer huur,0,0
2025,KLEIN KAROO,Direkte koste,"Kunsmis, blaar- en grondontledings",3641,2.727992866
2025,KLEIN KAROO,Direkte koste,Onkruiddoder,963,16.29434201
2025,KLEIN KAROO,Direkte koste,Pakmateriaal,0,0
2025,KLEIN KAROO,Direkte koste,"Saad, organiese bemesting en materiaal",1377,7.39853734
2025,KLEIN KAROO,Direkte koste,Veevoer en medisyne / Droogmiddels,0,0
2025,KLEIN KAROO,Arbeid,Permanente arbeid,14302,8.888307499
2025,KLEIN KAROO,Arbeid,Seisoensarbeid en kontrakwerk,1737,-2.336653091
2025,KLEIN KAROO,Arbeid,Toesig en bestuurshulp,2378,3.989865523
2025,KLEIN KAROO,Meganisasie,Brandstof (petrol en diesel) en smeermiddels,5061,3.068564509
2025,KLEIN KAROO,Meganisasie,Herstel. onderdele en reparasies,4320,5.608014296
2025,KLEIN KAROO,Meganisasie,Lisensies en versekering - Voertuie / losbates,851,2.446429327
2025,KLEIN KAROO,Meganisasie,Vervoer gehuur,296,-6.91220531
2025,KLEIN KAROO,Vaste verbeteringe,Herstelwerk en onderhoud (vaste verbeteringe),2964,25.84828838
2025,KLEIN KAROO,Vaste verbeteringe,Verskering - vaste verbeteringe,745,4.127363309
2025,KLEIN KAROO,Algemene uitgawes,Admin - Akkreditasie en nakomingskostes,0,-9.873622151
2025,KLEIN KAROO,Algemene uitgawes,Admin - Sekuriteit,0,-9.873622151
2025,KLEIN KAROO,Algemene uitgawes,Administrasie,2514,-9.873622151
2025,KLEIN KAROO,Algemene uitgawes,Elektrisiteit,7501,11.97864389
2025,KLEIN KAROO,Algemene uitgawes,"Grond-, eiendoms, munisipale belasting",508,6.121954394
2025,KLEIN KAROO,Algemene uitgawes,Waterkoste / belasting,8853,5.17142424
2025,KLEIN KAROO,Provision for renewal,Provision for renewal,21974,7.390744131
2025,KLEIN KAROO,Total Expenditure,Total Expenditure,84801,
2025,PAARL,Direkte koste,Gewasbeskerming (swam- en insekbeheer),4808,9.194688377
2025,PAARL,Direkte koste,Herstel- en bindmateriaal,437,0.163269508
2025,PAARL,Direkte koste,Koelkamer huur,0,0
2025,PAARL,Direkte koste,"Kunsmis, blaar- en grondontledings",3592,13.62102897
2025,PAARL,Direkte koste,Onkruiddoder,2243,3.48816484
2025,PAARL,Direkte koste,Pakmateriaal,0,0
2025,PAARL,Direkte koste,"Saad, organiese bemesting en materiaal",526,6.260565795
2025,PAARL,Direkte koste,Veevoer en medisyne / Droogmiddels,0,0
2025,PAARL,Arbeid,Permanente arbeid,8723,3.110585393
2025,PAARL,Arbeid,Seisoensarbeid en kontrakwerk,10130,10.78085305
2025,PAARL,Arbeid,Toesig en bestuurshulp,4513,4.310845372
2025,PAARL,Meganisasie,Brandstof (petrol en diesel) en smeermiddels,4436,5.842235562
2025,PAARL,Meganisasie,Herstel. onderdele en reparasies,4804,1.902486738
2025,PAARL,Meganisasie,Lisensies en versekering - Voertuie / losbates,823,1.896859432
2025,PAARL,Meganisasie,Vervoer gehuur,749,1.727406842
2025,PAARL,Vaste verbeteringe,Herstelwerk en onderhoud (vaste verbeteringe),1441,6.885470687
2025,PAARL,Vaste verbeteringe,Verskering - vaste verbeteringe,521,4.67674986
2025,PAARL,Algemene uitgawes,Admin - Akkreditasie en nakomingskostes,0,1.968540067
2025,PAARL,Algemene uitgawes,Admin - Sekuriteit,0,1.968540067
2025,PAARL,Algemene uitgawes,Administrasie,2500,1.968540067
2025,PAARL,Algemene uitgawes,Elektrisiteit,5031,8.106820431
2025,PAARL,Algemene uitgawes,"Grond-, eiendoms, munisipale belasting",268,2.084928306
2025,PAARL,Algemene uitgawes,Waterkoste / belasting,950,2.749868777
2025,PAARL,Provision for renewal,Provision for renewal,18049,6.420179997
2025,PAARL,Total Expenditure,Total Expenditure,74544,
2025,STELLENBOSCH,Direkte koste,Gewasbeskerming (swam- en insekbeheer),5623,7.434472883
2025,STELLENBOSCH,Direkte koste,Herstel- en bindmateriaal,525,-17.92531398
2025,STELLENBOSCH,Direkte koste,Koelkamer huur,0,0
2025,STELLENBOSCH,Direkte koste,"Kunsmis, blaar- en grondontledings",2642,11.08174954
2025,STELLENBOSCH,Direkte koste,Onkruiddoder,1747,10.00484547
2025,STELLENBOSCH,Direkte koste,Pakmateriaal,0,0
2025,STELLENBOSCH,Direkte koste,"Saad, organiese bemesting en materiaal",861,8.291667955
2025,STELLENBOSCH,Direkte koste,Veevoer en medisyne / Droogmiddels,0,0
2025,STELLENBOSCH,Arbeid,Permanente arbeid,16753,6.115974758
2025,STELLENBOSCH,Arbeid,Seisoensarbeid en kontrakwerk,10902,6.777222785
2025,STELLENBOSCH,Arbeid,Toesig en bestuurshulp,5661,1.885989647
2025,STELLENBOSCH,Meganisasie,Brandstof (petrol en diesel) en smeermiddels,4008,2.58008725
2025,STELLENBOSCH,Meganisasie,Herstel. onderdele en reparasies,4833,4.756834132
2025,STELLENBOSCH,Meganisasie,Lisensies en versekering - Voertuie / losbates,981,8.224243219
2025,STELLENBOSCH,Meganisasie,Vervoer gehuur,355,0
2025,STELLENBOSCH,Vaste verbeteringe,Herstelwerk en onderhoud (vaste verbeteringe),2081,4.381490501
2025,STELLENBOSCH,Vaste verbeteringe,Verskering - vaste verbeteringe,553,10.77923308
2025,STELLENBOSCH,Algemene uitgawes,Admin - Akkreditasie en nakomingskostes,0,5.552043701
2025,STELLENBOSCH,Algemene uitgawes,Admin - Sekuriteit,0,5.552043701
2025,STELLENBOSCH,Algemene uitgawes,Administrasie,3937,5.552043701
2025,STELLENBOSCH,Algemene uitgawes,Elektrisiteit,2528,5.226135261
2025,STELLENBOSCH,Algemene uitgawes,"Grond-, eiendoms, munisipale belasting",588,1.117828329
2025,STELLENBOSCH,Algemene uitgawes,Waterkoste / belasting,1081,0.523425277
2025,STELLENBOSCH,Provision for renewal,Provision for renewal,17874,6.111967933
2025,STELLENBOSCH,Total Expenditure,Total Expenditure,83533,
2025,CAPE SOUTH COAST,Direkte koste,Gewasbeskerming (swam- en insekbeheer),8979,9.427015081
2025,CAPE SOUTH COAST,Direkte koste,Herstel- en bindmateriaal,483,2.529973105
2025,CAPE SOUTH COAST,Direkte koste,Koelkamer huur,0,0
2025,CAPE SOUTH COAST,Direkte koste,"Kunsmis, blaar- en grondontledings",3591,10.83352159
2025,CAPE SOUTH COAST,Direkte koste,Onkruiddoder,2526,9.095723199
2025,CAPE SOUTH COAST,Direkte koste,Pakmateriaal,0,0
2025,CAPE SOUTH COAST,Direkte koste,"Saad, organiese bemesting en materiaal",1345,4.073020108
2025,CAPE SOUTH COAST,Direkte koste,Veevoer en medisyne / Droogmiddels,0,0
2025,CAPE SOUTH COAST,Arbeid,Permanente arbeid,22940,9.323777444
2025,CAPE SOUTH COAST,Arbeid,Seisoensarbeid en kontrakwerk,10036,2.454273793
2025,CAPE SOUTH COAST,Arbeid,Toesig en bestuurshulp,8355,8.465347584
2025,CAPE SOUTH COAST,Meganisasie,Brandstof (petrol en diesel) en smeermiddels,5868,1.730103221
2025,CAPE SOUTH COAST,Meganisasie,Herstel. onderdele en reparasies,6007,4.183468302
2025,CAPE SOUTH COAST,Meganisasie,Lisensies en versekering - Voertuie / losbates,1198,0
2025,CAPE SOUTH COAST,Meganisasie,Vervoer gehuur,1428,8.981931124
2025,CAPE SOUTH COAST,Vaste verbeteringe,Herstelwerk en onderhoud (vaste verbeteringe),1792,5.757941535
2025,CAPE SOUTH COAST,Vaste verbeteringe,Verskering - vaste verbeteringe,1060,14.40640458
2025,CAPE SOUTH COAST,Algemene uitgawes,Admin - Akkreditasie en nakomingskostes,0,2.951360033
2025,CAPE SOUTH COAST,Algemene uitgawes,Admin - Sekuriteit,0,2.951360033
2025,CAPE SOUTH COAST,Algemene uitgawes,Administrasie,4413,2.951360033
2025,CAPE SOUTH COAST,Algemene uitgawes,Elektrisiteit,2561,1.190628162
2025,CAPE SOUTH COAST,Algemene uitgawes,"Grond-, eiendoms, munisipale belasting",684,8.481684723
2025,CAPE SOUTH COAST,Algemene uitgawes,Waterkoste / belasting,1030,12.13310244
2025,CAPE SOUTH COAST,Provision for renewal,Provision for renewal,21154,6.444641091
2025,CAPE SOUTH COAST,Total Expenditure,Total Expenditure,105450,
2025,CAPE TOWN,Direkte koste,Gewasbeskerming (swam- en insekbeheer),5049.76,7.434472883
2025,CAPE TOWN,Direkte koste,Herstel- en bindmateriaal,565.09,-17.92531398
2025,CAPE TOWN,Direkte koste,Koelkamer huur,0,0
2025,CAPE TOWN,Direkte koste,"Kunsmis, blaar- en grondontledings",2207.44,11.08174954
2025,CAPE TOWN,Direkte koste,Onkruiddoder,1859.06,10.00484547
2025,CAPE TOWN,Direkte koste,Pakmateriaal,78.87,0
2025,CAPE TOWN,Direkte koste,"Saad, organiese bemesting en materiaal",551.18,8.291667955
2025,CAPE TOWN,Direkte koste,Veevoer en medisyne / Droogmiddels,275.34,0
2025,CAPE TOWN,Arbeid,Permanente arbeid,11937.02,6.115974758
2025,CAPE TOWN,Arbeid,Seisoensarbeid en kontrakwerk,11263.92,6.777222785
2025,CAPE TOWN,Arbeid,Toesig en bestuurshulp,4536.81,1.885989647
2025,CAPE TOWN,Meganisasie,Brandstof (petrol en diesel) en smeermiddels,5069.73,2.58008725
2025,CAPE TOWN,Meganisasie,Herstel. onderdele en reparasies,5610.48,4.756834132
2025,CAPE TOWN,Meganisasie,Lisensies en versekering - Voertuie / losbates,1619.06,8.224243219
2025,CAPE TOWN,Meganisasie,Vervoer gehuur,514.59,0
2025,CAPE TOWN,Vaste verbeteringe,Herstelwerk en onderhoud (vaste verbeteringe),2024.9,4.381490501
2025,CAPE TOWN,Vaste verbeteringe,Verskering - vaste verbeteringe,693.83,10.77923308
2025,CAPE TOWN,Algemene uitgawes,Admin - Akkreditasie en nakomingskostes,349.71,5.552043701
2025,CAPE TOWN,Algemene uitgawes,Admin - Sekuriteit,700.31,5.552043701
2025,CAPE TOWN,Algemene uitgawes,Administrasie,4845.53,5.552043701
2025,CAPE TOWN,Algemene uitgawes,Elektrisiteit,2257.16,5.226135261
2025,CAPE TOWN,Algemene uitgawes,"Grond-, eiendoms, munisipale belasting",808.8,1.117828329
2025,CAPE TOWN,Algemene uitgawes,Waterkoste / belasting,983.85,0.523425277
2025,CAPE TOWN,Provision for renewal,Provision for renewal,17735,6.111967933
2025,CAPE TOWN,Total Expenditure,Total Expenditure,81537.44,
2025,SWARTLAND,Direkte koste,Gewasbeskerming (swam- en insekbeheer),4059,3.190326483
2025,SWARTLAND,Direkte koste,Herstel- en bindmateriaal,184,0.809688486
2025,SWARTLAND,Direkte koste,Koelkamer huur,0,0
2025,SWARTLAND,Direkte koste,"Kunsmis, blaar- en grondontledings",1994,1.69040635
2025,SWARTLAND,Direkte koste,Onkruiddoder,1651,12.48056165
2025,SWARTLAND,Direkte koste,Pakmateriaal,0,0
2025,SWARTLAND,Direkte koste,"Saad, organiese bemesting en materiaal",277,0
2025,SWARTLAND,Direkte koste,Veevoer en medisyne / Droogmiddels,0,0
2025,SWARTLAND,Arbeid,Permanente arbeid,9799,9.11870904
2025,SWARTLAND,Arbeid,Seisoensarbeid en kontrakwerk,5558,3.099032255
2025,SWARTLAND,Arbeid,Toesig en bestuurshulp,1443,3.582800102
2025,SWARTLAND,Meganisasie,Brandstof (petrol en diesel) en smeermiddels,3294,4.50845052
2025,SWARTLAND,Meganisasie,Herstel. onderdele en reparasies,2577,4.760492319
2025,SWARTLAND,Meganisasie,Lisensies en versekering - Voertuie / losbates,381,0.409875378
2025,SWARTLAND,Meganisasie,Vervoer gehuur,920,0.677434651
2025,SWARTLAND,Vaste verbeteringe,Herstelwerk en onderhoud (vaste verbeteringe),854,1.711672919
2025,SWARTLAND,Vaste verbeteringe,Verskering - vaste verbeteringe,232,0
2025,SWARTLAND,Algemene uitgawes,Admin - Akkreditasie en nakomingskostes,0,4.911119384
2025,SWARTLAND,Algemene uitgawes,Admin - Sekuriteit,0,4.911119384
2025,SWARTLAND,Algemene uitgawes,Administrasie,2535,4.911119384
2025,SWARTLAND,Algemene uitgawes,Elektrisiteit,1794,8.007233138
2025,SWARTLAND,Algemene uitgawes,"Grond-, eiendoms, munisipale belasting",267,9.959506725
2025,SWARTLAND,Algemene uitgawes,Waterkoste / belasting,1157,2.292527797
2025,SWARTLAND,Provision for renewal,Provision for renewal,14602,7.611940025
2025,SWARTLAND,Total Expenditure,Total Expenditure,53578,
