YEAR,Wine Class,Grape Variety,Region,Band,Income_R_per_t
2025,White,Bukettraube,BREEDEKLOOF   ,Low ,6125
2025,White,Crouchen,BREEDEKLOOF   ,Low ,11518
2025,White,Chardonnay,BREEDEKLOOF   ,Low ,8613
2025,White,Chenin Blanc,BREEDEKLOOF   ,Low ,4151
2025,White,Clairette blanche,BREEDEKLOOF   ,Low ,6330
2025,White,Colombar,BREEDEKLOOF   ,Low ,4151
2025,White,Palomino,BREEDEKLOOF   ,Low ,6125
2025,White,Gewurztraminer,BREEDEKLOOF   ,Low ,6330
2025,White,Muscat d'Alexandrie,BREEDEKLOOF   ,Low ,3425
2025,White,Muscat de Frontignan,BREEDEKLOOF   ,Low ,4877
2025,White,Pinot gris,BREEDEKLOOF   ,Low ,5710
2025,White,Sauvignon blanc,BREEDEKLOOF   ,Low ,7886
2025,White,Sémillon,BREEDEKLOOF   ,Low ,7886
2025,White,Viognier,BREEDEKLOOF   ,Low ,8613
2025,White,Riesling,BREEDEKLOOF   ,Low ,4877
2025,White,Other White,BREEDEKLOOF   ,Low ,4877
2025,Red,Cabernet Franc,BREEDEKLOOF   ,Low ,17328
2025,Red,Cabernet Sauvignon,BREEDEKLOOF   ,Low ,5604
2025,Red,Carignan,BREEDEKLOOF   ,Low ,5604
2025,Red,Cinsaut,BREEDEKLOOF   ,Low ,7056
2025,Red,Gamay noir,BREEDEKLOOF   ,Low ,10065
2025,Red,Merlot,BREEDEKLOOF   ,Low ,9339
2025,Red,Petit Verdot,BREEDEKLOOF   ,Low ,8613
2025,Red,Pinot noir,BREEDEKLOOF   ,Low ,8613
2025,Red,Pinotage,BREEDEKLOOF   ,Low ,6330
2025,Red,Roobernet,BREEDEKLOOF   ,Low ,6364
2025,Red,Ruby Cabernet,BREEDEKLOOF   ,Low ,4877
2025,Red,Shiraz,BREEDEKLOOF   ,Low ,7886
2025,Red,Tinta Barocca,BREEDEKLOOF   ,Low ,4877
2025,Red,Other Red,BREEDEKLOOF   ,Low ,4877
2025,White,Bukettraube,BREEDEKLOOF   ,High,7055
2025,White,Crouchen,BREEDEKLOOF   ,High,14422
2025,White,Chardonnay,BREEDEKLOOF   ,High,10064
2025,White,Chenin Blanc,BREEDEKLOOF   ,High,5603
2025,White,Clairette blanche,BREEDEKLOOF   ,High,7055
2025,White,Colombar,BREEDEKLOOF   ,High,4876
2025,White,Palomino,BREEDEKLOOF   ,High,8612
2025,White,Gewurztraminer,BREEDEKLOOF   ,High,7055
2025,White,Muscat d'Alexandrie,BREEDEKLOOF   ,High,7055
2025,White,Muscat de Frontignan,BREEDEKLOOF   ,High,5603
2025,White,Pinot gris,BREEDEKLOOF   ,High,7055
2025,White,Sauvignon blanc,BREEDEKLOOF   ,High,12969
2025,White,Sémillon,BREEDEKLOOF   ,High,11517
2025,White,Viognier,BREEDEKLOOF   ,High,13696
2025,White,Riesling,BREEDEKLOOF   ,High,9338
2025,White,Other White,BREEDEKLOOF   ,High,7055
2025,Red,Cabernet Franc,BREEDEKLOOF   ,High,19506
2025,Red,Cabernet Sauvignon,BREEDEKLOOF   ,High,10064
2025,Red,Carignan,BREEDEKLOOF   ,High,6329
2025,Red,Cinsaut,BREEDEKLOOF   ,High,10064
2025,Red,Gamay noir,BREEDEKLOOF   ,High,10791
2025,Red,Merlot,BREEDEKLOOF   ,High,10064
2025,Red,Petit Verdot,BREEDEKLOOF   ,High,9338
2025,Red,Pinot noir,BREEDEKLOOF   ,High,14422
2025,Red,Pinotage,BREEDEKLOOF   ,High,8612
2025,Red,Roobernet,BREEDEKLOOF   ,High,7055
2025,Red,Ruby Cabernet,BREEDEKLOOF   ,High,5603
2025,Red,Shiraz,BREEDEKLOOF   ,High,12243
2025,Red,Tinta Barocca,BREEDEKLOOF   ,High,5603
2025,Red,Other Red,BREEDEKLOOF   ,High,8612
2025,White,Bukettraube,ROBERTSON     ,Low ,5055
2025,White,Crouchen,ROBERTSON     ,Low ,11518
2025,White,Chardonnay,ROBERTSON     ,Low ,8613
2025,White,Chenin Blanc,ROBERTSON     ,Low ,4151
2025,White,Clairette blanche,ROBERTSON     ,Low ,6330
2025,White,Colombar,ROBERTSON     ,Low ,4151
2025,White,Palomino,ROBERTSON     ,Low ,5055
2025,White,Gewurztraminer,ROBERTSON     ,Low ,6330
2025,White,Muscat d'Alexandrie,ROBERTSON     ,Low ,3425
2025,White,Muscat de Frontignan,ROBERTSON     ,Low ,4877
2025,White,Pinot gris,ROBERTSON     ,Low ,5710
2025,White,Sauvignon blanc,ROBERTSON     ,Low ,7886
2025,White,Sémillon,ROBERTSON     ,Low ,7886
2025,White,Viognier,ROBERTSON     ,Low ,8613
2025,White,Riesling,ROBERTSON     ,Low ,4877
2025,White,Other White,ROBERTSON     ,Low ,4877
2025,Red,Cabernet Franc,ROBERTSON     ,Low ,17328
2025,Red,Cabernet Sauvignon,ROBERTSON     ,Low ,5604
2025,Red,Carignan,ROBERTSON     ,Low ,5604
2025,Red,Cinsaut,ROBERTSON     ,Low ,7056
2025,Red,Gamay noir,ROBERTSON     ,Low ,10065
2025,Red,Merlot,ROBERTSON     ,Low ,9339
2025,Red,Petit Verdot,ROBERTSON     ,Low ,8613
2025,Red,Pinot noir,ROBERTSON     ,Low ,8613
2025,Red,Pinotage,ROBERTSON     ,Low ,6330
2025,Red,Roobernet,ROBERTSON     ,Low ,6330
2025,Red,Ruby Cabernet,ROBERTSON     ,Low ,4877
2025,Red,Shiraz,ROBERTSON     ,Low ,7886
2025,Red,Tinta Barocca,ROBERTSON     ,Low ,4877
2025,Red,Other Red,ROBERTSON     ,Low ,4877
2025,White,Bukettraube,ROBERTSON     ,High,7055
2025,White,Crouchen,ROBERTSON     ,High,14422
2025,White,Chardonnay,ROBERTSON     ,High,10064
2025,White,Chenin Blanc,ROBERTSON     ,High,5603
2025,White,Clairette blanche,ROBERTSON     ,High,7055
2025,White,Colombar,ROBERTSON     ,High,4876
2025,White,Palomino,ROBERTSON     ,High,8612
2025,White,Gewurztraminer,ROBERTSON     ,High,7055
2025,White,Muscat d'Alexandrie,ROBERTSON     ,High,7055
2025,White,Muscat de Frontignan,ROBERTSON     ,High,5603
2025,White,Pinot gris,ROBERTSON     ,High,7055
2025,White,Sauvignon blanc,ROBERTSON     ,High,12969
2025,White,Sémillon,ROBERTSON     ,High,11517
2025,White,Viognier,ROBERTSON     ,High,13696
2025,White,Riesling,ROBERTSON     ,High,9338
2025,White,Other White,ROBERTSON     ,High,7055
2025,Red,Cabernet Franc,ROBERTSON     ,High,19506
2025,Red,Cabernet Sauvignon,ROBERTSON     ,High,10064
2025,Red,Carignan,ROBERTSON     ,High,6329
2025,Red,Cinsaut,ROBERTSON     ,High,10064
2025,Red,Gamay noir,ROBERTSON     ,High,10791
2025,Red,Merlot,ROBERTSON     ,High,10064
2025,Red,Petit Verdot,ROBERTSON     ,High,9338
2025,Red,Pinot noir,ROBERTSON     ,High,14422
2025,Red,Pinotage,ROBERTSON     ,High,8612
2025,Red,Roobernet,ROBERTSON     ,High,7055
2025,Red,Ruby Cabernet,ROBERTSON     ,High,5603
2025,Red,Shiraz,ROBERTSON     ,High,12243
2025,Red,Tinta Barocca,ROBERTSON     ,High,5603
2025,Red,Other Red,ROBERTSON     ,High,8612
2025,White,Bukettraube,WORCESTER     ,Low ,5055
2025,White,Crouchen,WORCESTER     ,Low ,11518
2025,White,Chardonnay,WORCESTER     ,Low ,8613
2025,White,Chenin Blanc,WORCESTER     ,Low ,4151
2025,White,Clairette blanche,WORCESTER     ,Low ,6330
2025,White,Colombar,WORCESTER     ,Low ,4151
2025,White,Palomino,WORCESTER     ,Low ,5055
2025,White,Gewurztraminer,WORCESTER     ,Low ,6330
2025,White,Muscat d'Alexandrie,WORCESTER     ,Low ,3425
2025,White,Muscat de Frontignan,WORCESTER     ,Low ,4877
2025,White,Pinot gris,WORCESTER     ,Low ,5710
2025,White,Sauvignon blanc,WORCESTER     ,Low ,7886
2025,White,Sémillon,WORCESTER     ,Low ,7886
2025,White,Viognier,WORCESTER     ,Low ,8613
2025,White,Riesling,WORCESTER     ,Low ,4877
2025,White,Other White,WORCESTER     ,Low ,4877
2025,Red,Cabernet Franc,WORCESTER     ,Low ,17328
2025,Red,Cabernet Sauvignon,WORCESTER     ,Low ,5604
2025,Red,Carignan,WORCESTER     ,Low ,5604
2025,Red,Cinsaut,WORCESTER     ,Low ,7056
2025,Red,Gamay noir,WORCESTER     ,Low ,10065
2025,Red,Merlot,WORCESTER     ,Low ,9339
2025,Red,Petit Verdot,WORCESTER     ,Low ,8613
2025,Red,Pinot noir,WORCESTER     ,Low ,8613
2025,Red,Pinotage,WORCESTER     ,Low ,6330
2025,Red,Roobernet,WORCESTER     ,Low ,6330
2025,Red,Ruby Cabernet,WORCESTER     ,Low ,4877
2025,Red,Shiraz,WORCESTER     ,Low ,7886
2025,Red,Tinta Barocca,WORCESTER     ,Low ,4877
2025,Red,Other Red,WORCESTER     ,Low ,4877
2025,White,Bukettraube,WORCESTER     ,High,7055
2025,White,Crouchen,WORCESTER     ,High,14422
2025,White,Chardonnay,WORCESTER     ,High,10064
2025,White,Chenin Blanc,WORCESTER     ,High,5603
2025,White,Clairette blanche,WORCESTER     ,High,7055
2025,White,Colombar,WORCESTER     ,High,4876
2025,White,Palomino,WORCESTER     ,High,8612
2025,White,Gewurztraminer,WORCESTER     ,High,7055
2025,White,Muscat d'Alexandrie,WORCESTER     ,High,7055
2025,White,Muscat de Frontignan,WORCESTER     ,High,5603
2025,White,Pinot gris,WORCESTER     ,High,7055
2025,White,Sauvignon blanc,WORCESTER     ,High,12969
2025,White,Sémillon,WORCESTER     ,High,11517
2025,White,Viognier,WORCESTER     ,High,13696
2025,White,Riesling,WORCESTER     ,High,9338
2025,White,Other White,WORCESTER     ,High,7055
2025,Red,Cabernet Franc,WORCESTER     ,High,19506
2025,Red,Cabernet Sauvignon,WORCESTER     ,High,10064
2025,Red,Carignan,WORCESTER     ,High,6329
2025,Red,Cinsaut,WORCESTER     ,High,10064
2025,Red,Gamay noir,WORCESTER     ,High,10791
2025,Red,Merlot,WORCESTER     ,High,10064
2025,Red,Petit Verdot,WORCESTER     ,High,9338
2025,Red,Pinot noir,WORCESTER     ,High,14422
2025,Red,Pinotage,WORCESTER     ,High,8612
2025,Red,Roobernet,WORCESTER     ,High,7055
2025,Red,Ruby Cabernet,WORCESTER     ,High,5603
2025,Red,Shiraz,WORCESTER     ,High,12243
2025,Red,Tinta Barocca,WORCESTER     ,High,5603
2025,Red,Other Red,WORCESTER     ,High,8612
2025,White,Bukettraube,OLIFANTSRIVER,Low ,4877
2025,White,Crouchen,OLIFANTSRIVER,Low ,11518
2025,White,Chardonnay,OLIFANTSRIVER,Low ,4877
2025,White,Chenin Blanc,OLIFANTSRIVER,Low ,4151
2025,White,Clairette blanche,OLIFANTSRIVER,Low ,6330
2025,White,Colombar,OLIFANTSRIVER,Low ,4151
2025,White,Palomino,OLIFANTSRIVER,Low ,4877
2025,White,Gewurztraminer,OLIFANTSRIVER,Low ,6330
2025,White,Muscat d'Alexandrie,OLIFANTSRIVER,Low ,4877
2025,White,Muscat de Frontignan,OLIFANTSRIVER,Low ,4877
2025,White,Pinot gris,OLIFANTSRIVER,Low ,6330
2025,White,Sauvignon blanc,OLIFANTSRIVER,Low ,5604
2025,White,Sémillon,OLIFANTSRIVER,Low ,5604
2025,White,Viognier,OLIFANTSRIVER,Low ,4877
2025,White,Riesling,OLIFANTSRIVER,Low ,8613
2025,White,Other White,OLIFANTSRIVER,Low ,4877
2025,Red,Cabernet Franc,OLIFANTSRIVER,Low ,8613
2025,Red,Cabernet Sauvignon,OLIFANTSRIVER,Low ,6330
2025,Red,Carignan,OLIFANTSRIVER,Low ,5604
2025,Red,Cinsaut,OLIFANTSRIVER,Low ,5604
2025,Red,Gamay noir,OLIFANTSRIVER,Low ,10065
2025,Red,Merlot,OLIFANTSRIVER,Low ,5604
2025,Red,Petit Verdot,OLIFANTSRIVER,Low ,7056
2025,Red,Pinot noir,OLIFANTSRIVER,Low ,5604
2025,Red,Pinotage,OLIFANTSRIVER,Low ,4877
2025,Red,Roobernet,OLIFANTSRIVER,Low ,6330
2025,Red,Ruby Cabernet,OLIFANTSRIVER,Low ,4151
2025,Red,Shiraz,OLIFANTSRIVER,Low ,5604
2025,Red,Tinta Barocca,OLIFANTSRIVER,Low ,4877
2025,Red,Other Red,OLIFANTSRIVER,Low ,5604
2025,White,Bukettraube,OLIFANTSRIVER,High,5603
2025,White,Crouchen,OLIFANTSRIVER,High,14422
2025,White,Chardonnay,OLIFANTSRIVER,High,6329
2025,White,Chenin Blanc,OLIFANTSRIVER,High,5603
2025,White,Clairette blanche,OLIFANTSRIVER,High,11517
2025,White,Colombar,OLIFANTSRIVER,High,5603
2025,White,Palomino,OLIFANTSRIVER,High,7055
2025,White,Gewurztraminer,OLIFANTSRIVER,High,7055
2025,White,Muscat d'Alexandrie,OLIFANTSRIVER,High,5603
2025,White,Muscat de Frontignan,OLIFANTSRIVER,High,12969
2025,White,Pinot gris,OLIFANTSRIVER,High,7055
2025,White,Sauvignon blanc,OLIFANTSRIVER,High,7055
2025,White,Sémillon,OLIFANTSRIVER,High,11517
2025,White,Viognier,OLIFANTSRIVER,High,5603
2025,White,Riesling,OLIFANTSRIVER,High,13696
2025,White,Other White,OLIFANTSRIVER,High,5603
2025,Red,Cabernet Franc,OLIFANTSRIVER,High,14422
2025,Red,Cabernet Sauvignon,OLIFANTSRIVER,High,7055
2025,Red,Carignan,OLIFANTSRIVER,High,6329
2025,Red,Cinsaut,OLIFANTSRIVER,High,6329
2025,Red,Gamay noir,OLIFANTSRIVER,High,10791
2025,Red,Merlot,OLIFANTSRIVER,High,6329
2025,Red,Petit Verdot,OLIFANTSRIVER,High,9338
2025,Red,Pinot noir,OLIFANTSRIVER,High,6329
2025,Red,Pinotage,OLIFANTSRIVER,High,6329
2025,Red,Roobernet,OLIFANTSRIVER,High,7055
2025,Red,Ruby Cabernet,OLIFANTSRIVER,High,4876
2025,Red,Shiraz,OLIFANTSRIVER,High,7055
2025,Red,Tinta Barocca,OLIFANTSRIVER,High,11517
2025,Red,Other Red,OLIFANTSRIVER,High,7055
2025,White,Bukettraube,NORTHERN CAPE,Low ,4877
2025,White,Crouchen,NORTHERN CAPE,Low ,11518
2025,White,Chardonnay,NORTHERN CAPE,Low ,4877
2025,White,Chenin Blanc,NORTHERN CAPE,Low ,4151
2025,White,Clairette blanche,NORTHERN CAPE,Low ,6330
2025,White,Colombar,NORTHERN CAPE,Low ,4151
2025,White,Palomino,NORTHERN CAPE,Low ,4877
2025,White,Gewurztraminer,NORTHERN CAPE,Low ,6330
2025,White,Muscat d'Alexandrie,NORTHERN CAPE,Low ,4877
2025,White,Muscat de Frontignan,NORTHERN CAPE,Low ,4877
2025,White,Pinot gris,NORTHERN CAPE,Low ,6330
2025,White,Sauvignon blanc,NORTHERN CAPE,Low ,5604
2025,White,Sémillon,NORTHERN CAPE,Low ,5604
2025,White,Viognier,NORTHERN CAPE,Low ,4877
2025,White,Riesling,NORTHERN CAPE,Low ,8613
2025,White,Other White,NORTHERN CAPE,Low ,4877
2025,Red,Cabernet Franc,NORTHERN CAPE,Low ,8613
2025,Red,Cabernet Sauvignon,NORTHERN CAPE,Low ,6330
2025,Red,Carignan,NORTHERN CAPE,Low ,5604
2025,Red,Cinsaut,NORTHERN CAPE,Low ,5604
2025,Red,Gamay noir,NORTHERN CAPE,Low ,10065
2025,Red,Merlot,NORTHERN CAPE,Low ,5604
2025,Red,Petit Verdot,NORTHERN CAPE,Low ,7056
2025,Red,Pinot noir,NORTHERN CAPE,Low ,5604
2025,Red,Pinotage,NORTHERN CAPE,Low ,4877
2025,Red,Roobernet,NORTHERN CAPE,Low ,6330
2025,Red,Ruby Cabernet,NORTHERN CAPE,Low ,4151
2025,Red,Shiraz,NORTHERN CAPE,Low ,5604
2025,Red,Tinta Barocca,NORTHERN CAPE,Low ,4877
2025,Red,Other Red,NORTHERN CAPE,Low ,5604
2025,White,Bukettraube,NORTHERN CAPE,High,5603
2025,White,Crouchen,NORTHERN CAPE,High,14422
2025,White,Chardonnay,NORTHERN CAPE,High,6329
2025,White,Chenin Blanc,NORTHERN CAPE,High,5603
2025,White,Clairette blanche,NORTHERN CAPE,High,11517
2025,White,Colombar,NORTHERN CAPE,High,5603
2025,White,Palomino,NORTHERN CAPE,High,7055
2025,White,Gewurztraminer,NORTHERN CAPE,High,7055
2025,White,Muscat d'Alexandrie,NORTHERN CAPE,High,5603
2025,White,Muscat de Frontignan,NORTHERN CAPE,High,12969
2025,White,Pinot gris,NORTHERN CAPE,High,7055
2025,White,Sauvignon blanc,NORTHERN CAPE,High,7055
2025,White,Sémillon,NORTHERN CAPE,High,11517
2025,White,Viognier,NORTHERN CAPE,High,5603
2025,White,Riesling,NORTHERN CAPE,High,13696
2025,White,Other White,NORTHERN CAPE,High,5603
2025,Red,Cabernet Franc,NORTHERN CAPE,High,14422
2025,Red,Cabernet Sauvignon,NORTHERN CAPE,High,7055
2025,Red,Carignan,NORTHERN CAPE,High,6329
2025,Red,Cinsaut,NORTHERN CAPE,High,6329
2025,Red,Gamay noir,NORTHERN CAPE,High,10791
2025,Red,Merlot,NORTHERN CAPE,High,6329
2025,Red,Petit Verdot,NORTHERN CAPE,High,9338
2025,Red,Pinot noir,NORTHERN CAPE,High,6329
2025,Red,Pinotage,NORTHERN CAPE,High,6329
2025,Red,Roobernet,NORTHERN CAPE,High,7055
2025,Red,Ruby Cabernet,NORTHERN CAPE,High,4876
2025,Red,Shiraz,NORTHERN CAPE,High,7055
2025,Red,Tinta Barocca,NORTHERN CAPE,High,11517
2025,Red,Other Red,NORTHERN CAPE,High,7055
2025,White,Bukettraube,KLEIN KAROO   ,Low ,5055
2025,White,Crouchen,KLEIN KAROO   ,Low ,11518
2025,White,Chardonnay,KLEIN KAROO   ,Low ,8613
2025,White,Chenin Blanc,KLEIN KAROO   ,Low ,4151
2025,White,Clairette blanche,KLEIN KAROO   ,Low ,6330
2025,White,Colombar,KLEIN KAROO   ,Low ,4151
2025,White,Palomino,KLEIN KAROO   ,Low ,5055
2025,White,Gewurztraminer,KLEIN KAROO   ,Low ,6330
2025,White,Muscat d'Alexandrie,KLEIN KAROO   ,Low ,3425
2025,White,Muscat de Frontignan,KLEIN KAROO   ,Low ,4877
2025,White,Pinot gris,KLEIN KAROO   ,Low ,5710
2025,White,Sauvignon blanc,KLEIN KAROO   ,Low ,7886
2025,White,Sémillon,KLEIN KAROO   ,Low ,7886
2025,White,Viognier,KLEIN KAROO   ,Low ,8613
2025,White,Riesling,KLEIN KAROO   ,Low ,4877
2025,White,Other White,KLEIN KAROO   ,Low ,4877
2025,Red,Cabernet Franc,KLEIN KAROO   ,Low ,17328
2025,Red,Cabernet Sauvignon,KLEIN KAROO   ,Low ,5604
2025,Red,Carignan,KLEIN KAROO   ,Low ,5604
2025,Red,Cinsaut,KLEIN KAROO   ,Low ,7056
2025,Red,Gamay noir,KLEIN KAROO   ,Low ,10065
2025,Red,Merlot,KLEIN KAROO   ,Low ,9339
2025,Red,Petit Verdot,KLEIN KAROO   ,Low ,8613
2025,Red,Pinot noir,KLEIN KAROO   ,Low ,8613
2025,Red,Pinotage,KLEIN KAROO   ,Low ,6330
2025,Red,Roobernet,KLEIN KAROO   ,Low ,6330
2025,Red,Ruby Cabernet,KLEIN KAROO   ,Low ,4877
2025,Red,Shiraz,KLEIN KAROO   ,Low ,7886
2025,Red,Tinta Barocca,KLEIN KAROO   ,Low ,4877
2025,Red,Other Red,KLEIN KAROO   ,Low ,4877
2025,White,Bukettraube,KLEIN KAROO   ,High,7055
2025,White,Crouchen,KLEIN KAROO   ,High,14422
2025,White,Chardonnay,KLEIN KAROO   ,High,10064
2025,White,Chenin Blanc,KLEIN KAROO   ,High,5603
2025,White,Clairette blanche,KLEIN KAROO   ,High,7055
2025,White,Colombar,KLEIN KAROO   ,High,4876
2025,White,Palomino,KLEIN KAROO   ,High,8612
2025,White,Gewurztraminer,KLEIN KAROO   ,High,7055
2025,White,Muscat d'Alexandrie,KLEIN KAROO   ,High,7055
2025,White,Muscat de Frontignan,KLEIN KAROO   ,High,5603
2025,White,Pinot gris,KLEIN KAROO   ,High,7055
2025,White,Sauvignon blanc,KLEIN KAROO   ,High,12969
2025,White,Sémillon,KLEIN KAROO   ,High,11517
2025,White,Viognier,KLEIN KAROO   ,High,13696
2025,White,Riesling,KLEIN KAROO   ,High,9338
2025,White,Other White,KLEIN KAROO   ,High,7055
2025,Red,Cabernet Franc,KLEIN KAROO   ,High,19506
2025,Red,Cabernet Sauvignon,KLEIN KAROO   ,High,10064
2025,Red,Carignan,KLEIN KAROO   ,High,6329
2025,Red,Cinsaut,KLEIN KAROO   ,High,10064
2025,Red,Gamay noir,KLEIN KAROO   ,High,10791
2025,Red,Merlot,KLEIN KAROO   ,High,10064
2025,Red,Petit Verdot,KLEIN KAROO   ,High,9338
2025,Red,Pinot noir,KLEIN KAROO   ,High,14422
2025,Red,Pinotage,KLEIN KAROO   ,High,8612
2025,Red,Roobernet,KLEIN KAROO   ,High,7055
2025,Red,Ruby Cabernet,KLEIN KAROO   ,High,5603
2025,Red,Shiraz,KLEIN KAROO   ,High,12243
2025,Red,Tinta Barocca,KLEIN KAROO   ,High,5603
2025,Red,Other Red,KLEIN KAROO   ,High,8612
2025,White,Bukettraube,PAARL         ,Low ,5709
2025,White,Crouchen,PAARL         ,Low ,11518
2025,White,Chardonnay,PAARL         ,Low ,6330
2025,White,Chenin Blanc,PAARL         ,Low ,4151
2025,White,Clairette blanche,PAARL         ,Low ,10792
2025,White,Colombar,PAARL         ,Low ,4877
2025,White,Palomino,PAARL         ,Low ,19507
2025,White,Gewurztraminer,PAARL         ,Low ,6330
2025,White,Muscat d'Alexandrie,PAARL         ,Low ,4877
2025,White,Muscat de Frontignan,PAARL         ,Low ,5604
2025,White,Pinot gris,PAARL         ,Low ,5604
2025,White,Sauvignon blanc,PAARL         ,Low ,6330
2025,White,Sémillon,PAARL         ,Low ,9339
2025,White,Viognier,PAARL         ,Low ,4877
2025,White,Riesling,PAARL         ,Low ,19507
2025,White,Other White,PAARL         ,Low ,4877
2025,Red,Cabernet Franc,PAARL         ,Low ,5604
2025,Red,Cabernet Sauvignon,PAARL         ,Low ,6330
2025,Red,Carignan,PAARL         ,Low ,5604
2025,Red,Cinsaut,PAARL         ,Low ,5604
2025,Red,Gamay noir,PAARL         ,Low ,10065
2025,Red,Merlot,PAARL         ,Low ,5604
2025,Red,Petit Verdot,PAARL         ,Low ,6330
2025,Red,Pinot noir,PAARL         ,Low ,7056
2025,Red,Pinotage,PAARL         ,Low ,5604
2025,Red,Roobernet,PAARL         ,Low ,6330
2025,Red,Ruby Cabernet,PAARL         ,Low ,4151
2025,Red,Shiraz,PAARL         ,Low ,5604
2025,Red,Tinta Barocca,PAARL         ,Low ,4877
2025,Red,Other Red,PAARL         ,Low ,5604
2025,White,Bukettraube,PAARL         ,High,6329
2025,White,Crouchen,PAARL         ,High,14422
2025,White,Chardonnay,PAARL         ,High,8612
2025,White,Chenin Blanc,PAARL         ,High,5603
2025,White,Clairette blanche,PAARL         ,High,15148
2025,White,Colombar,PAARL         ,High,5603
2025,White,Palomino,PAARL         ,High,8612
2025,White,Gewurztraminer,PAARL         ,High,7055
2025,White,Muscat d'Alexandrie,PAARL         ,High,7885
2025,White,Muscat de Frontignan,PAARL         ,High,6329
2025,White,Pinot gris,PAARL         ,High,6329
2025,White,Sauvignon blanc,PAARL         ,High,7885
2025,White,Sémillon,PAARL         ,High,11517
2025,White,Viognier,PAARL         ,High,6329
2025,White,Riesling,PAARL         ,High,13696
2025,White,Other White,PAARL         ,High,6329
2025,Red,Cabernet Franc,PAARL         ,High,7055
2025,Red,Cabernet Sauvignon,PAARL         ,High,8612
2025,Red,Carignan,PAARL         ,High,12969
2025,Red,Cinsaut,PAARL         ,High,7885
2025,Red,Gamay noir,PAARL         ,High,10791
2025,Red,Merlot,PAARL         ,High,8612
2025,Red,Petit Verdot,PAARL         ,High,9338
2025,Red,Pinot noir,PAARL         ,High,10064
2025,Red,Pinotage,PAARL         ,High,6329
2025,Red,Roobernet,PAARL         ,High,7055
2025,Red,Ruby Cabernet,PAARL         ,High,4876
2025,Red,Shiraz,PAARL         ,High,7885
2025,Red,Tinta Barocca,PAARL         ,High,18780
2025,Red,Other Red,PAARL         ,High,7885
2025,White,Bukettraube,STELLENBOSCH  ,Low ,7548
2025,White,Crouchen,STELLENBOSCH  ,Low ,11518
2025,White,Chardonnay,STELLENBOSCH  ,Low ,10065
2025,White,Chenin Blanc,STELLENBOSCH  ,Low ,7056
2025,White,Clairette blanche,STELLENBOSCH  ,Low ,9339
2025,White,Colombar,STELLENBOSCH  ,Low ,7056
2025,White,Palomino,STELLENBOSCH  ,Low ,7548
2025,White,Gewurztraminer,STELLENBOSCH  ,Low ,10065
2025,White,Muscat d'Alexandrie,STELLENBOSCH  ,Low ,8613
2025,White,Muscat de Frontignan,STELLENBOSCH  ,Low ,4877
2025,White,Pinot gris,STELLENBOSCH  ,Low ,6330
2025,White,Sauvignon blanc,STELLENBOSCH  ,Low ,7886
2025,White,Sémillon,STELLENBOSCH  ,Low ,7886
2025,White,Viognier,STELLENBOSCH  ,Low ,5604
2025,White,Riesling,STELLENBOSCH  ,Low ,10792
2025,White,Other White,STELLENBOSCH  ,Low ,6330
2025,Red,Cabernet Franc,STELLENBOSCH  ,Low ,9339
2025,Red,Cabernet Sauvignon,STELLENBOSCH  ,Low ,9339
2025,Red,Carignan,STELLENBOSCH  ,Low ,9995
2025,Red,Cinsaut,STELLENBOSCH  ,Low ,8613
2025,Red,Gamay noir,STELLENBOSCH  ,Low ,10065
2025,Red,Merlot,STELLENBOSCH  ,Low ,8613
2025,Red,Petit Verdot,STELLENBOSCH  ,Low ,8613
2025,Red,Pinot noir,STELLENBOSCH  ,Low ,8613
2025,Red,Pinotage,STELLENBOSCH  ,Low ,8613
2025,Red,Roobernet,STELLENBOSCH  ,Low ,9995
2025,Red,Ruby Cabernet,STELLENBOSCH  ,Low ,9995
2025,Red,Shiraz,STELLENBOSCH  ,Low ,6330
2025,Red,Tinta Barocca,STELLENBOSCH  ,Low ,7056
2025,Red,Other Red,STELLENBOSCH  ,Low ,8613
2025,White,Bukettraube,STELLENBOSCH  ,High,7885
2025,White,Crouchen,STELLENBOSCH  ,High,14422
2025,White,Chardonnay,STELLENBOSCH  ,High,12243
2025,White,Chenin Blanc,STELLENBOSCH  ,High,9338
2025,White,Clairette blanche,STELLENBOSCH  ,High,10064
2025,White,Colombar,STELLENBOSCH  ,High,7885
2025,White,Palomino,STELLENBOSCH  ,High,8612
2025,White,Gewurztraminer,STELLENBOSCH  ,High,10791
2025,White,Muscat d'Alexandrie,STELLENBOSCH  ,High,11517
2025,White,Muscat de Frontignan,STELLENBOSCH  ,High,5603
2025,White,Pinot gris,STELLENBOSCH  ,High,8612
2025,White,Sauvignon blanc,STELLENBOSCH  ,High,10791
2025,White,Sémillon,STELLENBOSCH  ,High,10791
2025,White,Viognier,STELLENBOSCH  ,High,8612
2025,White,Riesling,STELLENBOSCH  ,High,13696
2025,White,Other White,STELLENBOSCH  ,High,7885
2025,Red,Cabernet Franc,STELLENBOSCH  ,High,15148
2025,Red,Cabernet Sauvignon,STELLENBOSCH  ,High,13696
2025,Red,Carignan,STELLENBOSCH  ,High,11517
2025,Red,Cinsaut,STELLENBOSCH  ,High,10791
2025,Red,Gamay noir,STELLENBOSCH  ,High,10791
2025,Red,Merlot,STELLENBOSCH  ,High,13696
2025,Red,Petit Verdot,STELLENBOSCH  ,High,12969
2025,Red,Pinot noir,STELLENBOSCH  ,High,10791
2025,Red,Pinotage,STELLENBOSCH  ,High,12969
2025,Red,Roobernet,STELLENBOSCH  ,High,7055
2025,Red,Ruby Cabernet,STELLENBOSCH  ,High,5603
2025,Red,Shiraz,STELLENBOSCH  ,High,9338
2025,Red,Tinta Barocca,STELLENBOSCH  ,High,7885
2025,Red,Other Red,STELLENBOSCH  ,High,10064
2025,White,Bukettraube,CAPE SOUTH COAST,Low ,7768
2025,White,Crouchen,CAPE SOUTH COAST,Low ,11518
2025,White,Chardonnay,CAPE SOUTH COAST,Low ,8613
2025,White,Chenin Blanc,CAPE SOUTH COAST,Low ,4151
2025,White,Clairette blanche,CAPE SOUTH COAST,Low ,6330
2025,White,Colombar,CAPE SOUTH COAST,Low ,4151
2025,White,Palomino,CAPE SOUTH COAST,Low ,7768
2025,White,Gewurztraminer,CAPE SOUTH COAST,Low ,6330
2025,White,Muscat d'Alexandrie,CAPE SOUTH COAST,Low ,3425
2025,White,Muscat de Frontignan,CAPE SOUTH COAST,Low ,4877
2025,White,Pinot gris,CAPE SOUTH COAST,Low ,5750
2025,White,Sauvignon blanc,CAPE SOUTH COAST,Low ,7886
2025,White,Sémillon,CAPE SOUTH COAST,Low ,7886
2025,White,Viognier,CAPE SOUTH COAST,Low ,8613
2025,White,Riesling,CAPE SOUTH COAST,Low ,4877
2025,White,Other White,CAPE SOUTH COAST,Low ,4877
2025,Red,Cabernet Franc,CAPE SOUTH COAST,Low ,17328
2025,Red,Cabernet Sauvignon,CAPE SOUTH COAST,Low ,5604
2025,Red,Carignan,CAPE SOUTH COAST,Low ,5604
2025,Red,Cinsaut,CAPE SOUTH COAST,Low ,7056
2025,Red,Gamay noir,CAPE SOUTH COAST,Low ,10065
2025,Red,Merlot,CAPE SOUTH COAST,Low ,9339
2025,Red,Petit Verdot,CAPE SOUTH COAST,Low ,8613
2025,Red,Pinot noir,CAPE SOUTH COAST,Low ,8613
2025,Red,Pinotage,CAPE SOUTH COAST,Low ,6330
2025,Red,Roobernet,CAPE SOUTH COAST,Low ,10137
2025,Red,Ruby Cabernet,CAPE SOUTH COAST,Low ,4877
2025,Red,Shiraz,CAPE SOUTH COAST,Low ,7886
2025,Red,Tinta Barocca,CAPE SOUTH COAST,Low ,4877
2025,Red,Other Red,CAPE SOUTH COAST,Low ,4877
2025,White,Bukettraube,CAPE SOUTH COAST,High,7055
2025,White,Crouchen,CAPE SOUTH COAST,High,14422
2025,White,Chardonnay,CAPE SOUTH COAST,High,10064
2025,White,Chenin Blanc,CAPE SOUTH COAST,High,5603
2025,White,Clairette blanche,CAPE SOUTH COAST,High,7055
2025,White,Colombar,CAPE SOUTH COAST,High,4876
2025,White,Palomino,CAPE SOUTH COAST,High,8612
2025,White,Gewurztraminer,CAPE SOUTH COAST,High,7055
2025,White,Muscat d'Alexandrie,CAPE SOUTH COAST,High,7055
2025,White,Muscat de Frontignan,CAPE SOUTH COAST,High,5603
2025,White,Pinot gris,CAPE SOUTH COAST,High,7055
2025,White,Sauvignon blanc,CAPE SOUTH COAST,High,12969
2025,White,Sémillon,CAPE SOUTH COAST,High,11517
2025,White,Viognier,CAPE SOUTH COAST,High,13696
2025,White,Riesling,CAPE SOUTH COAST,High,9338
2025,White,Other White,CAPE SOUTH COAST,High,7055
2025,Red,Cabernet Franc,CAPE SOUTH COAST,High,19506
2025,Red,Cabernet Sauvignon,CAPE SOUTH COAST,High,10064
2025,Red,Carignan,CAPE SOUTH COAST,High,6329
2025,Red,Cinsaut,CAPE SOUTH COAST,High,10064
2025,Red,Gamay noir,CAPE SOUTH COAST,High,10791
2025,Red,Merlot,CAPE SOUTH COAST,High,10064
2025,Red,Petit Verdot,CAPE SOUTH COAST,High,9338
2025,Red,Pinot noir,CAPE SOUTH COAST,High,14422
2025,Red,Pinotage,CAPE SOUTH COAST,High,8612
2025,Red,Roobernet,CAPE SOUTH COAST,High,7055
2025,Red,Ruby Cabernet,CAPE SOUTH COAST,High,5603
2025,Red,Shiraz,CAPE SOUTH COAST,High,12243
2025,Red,Tinta Barocca,CAPE SOUTH COAST,High,5603
2025,Red,Other Red,CAPE SOUTH COAST,High,8612
2025,White,Bukettraube,CAPE TOWN,Low ,7768
2025,White,Crouchen,CAPE TOWN,Low ,11518
2025,White,Chardonnay,CAPE TOWN,Low ,10065
2025,White,Chenin Blanc,CAPE TOWN,Low ,7056
2025,White,Clairette blanche,CAPE TOWN,Low ,9339
2025,White,Colombar,CAPE TOWN,Low ,7056
2025,White,Palomino,CAPE TOWN,Low ,7768
2025,White,Gewurztraminer,CAPE TOWN,Low ,10065
2025,White,Muscat d'Alexandrie,CAPE TOWN,Low ,8613
2025,White,Muscat de Frontignan,CAPE TOWN,Low ,4877
2025,White,Pinot gris,CAPE TOWN,Low ,6330
2025,White,Sauvignon blanc,CAPE TOWN,Low ,7886
2025,White,Sémillon,CAPE TOWN,Low ,7886
2025,White,Viognier,CAPE TOWN,Low ,5604
2025,White,Riesling,CAPE TOWN,Low ,10792
2025,White,Other White,CAPE TOWN,Low ,6330
2025,Red,Cabernet Franc,CAPE TOWN,Low ,9339
2025,Red,Cabernet Sauvignon,CAPE TOWN,Low ,9339
2025,Red,Carignan,CAPE TOWN,Low ,9808
2025,Red,Cinsaut,CAPE TOWN,Low ,8613
2025,Red,Gamay noir,CAPE TOWN,Low ,10065
2025,Red,Merlot,CAPE TOWN,Low ,8613
2025,Red,Petit Verdot,CAPE TOWN,Low ,8613
2025,Red,Pinot noir,CAPE TOWN,Low ,8613
2025,Red,Pinotage,CAPE TOWN,Low ,8613
2025,Red,Roobernet,CAPE TOWN,Low ,9808
2025,Red,Ruby Cabernet,CAPE TOWN,Low ,9808
2025,Red,Shiraz,CAPE TOWN,Low ,6330
2025,Red,Tinta Barocca,CAPE TOWN,Low ,7056
2025,Red,Other Red,CAPE TOWN,Low ,8613
2025,White,Bukettraube,CAPE TOWN,High,7885
2025,White,Crouchen,CAPE TOWN,High,14422
2025,White,Chardonnay,CAPE TOWN,High,12243
2025,White,Chenin Blanc,CAPE TOWN,High,9338
2025,White,Clairette blanche,CAPE TOWN,High,10064
2025,White,Colombar,CAPE TOWN,High,7885
2025,White,Palomino,CAPE TOWN,High,8612
2025,White,Gewurztraminer,CAPE TOWN,High,10791
2025,White,Muscat d'Alexandrie,CAPE TOWN,High,11517
2025,White,Muscat de Frontignan,CAPE TOWN,High,5603
2025,White,Pinot gris,CAPE TOWN,High,8612
2025,White,Sauvignon blanc,CAPE TOWN,High,10791
2025,White,Sémillon,CAPE TOWN,High,10791
2025,White,Viognier,CAPE TOWN,High,8612
2025,White,Riesling,CAPE TOWN,High,13696
2025,White,Other White,CAPE TOWN,High,7885
2025,Red,Cabernet Franc,CAPE TOWN,High,15148
2025,Red,Cabernet Sauvignon,CAPE TOWN,High,13696
2025,Red,Carignan,CAPE TOWN,High,11517
2025,Red,Cinsaut,CAPE TOWN,High,10791
2025,Red,Gamay noir,CAPE TOWN,High,10791
2025,Red,Merlot,CAPE TOWN,High,13696
2025,Red,Petit Verdot,CAPE TOWN,High,12969
2025,Red,Pinot noir,CAPE TOWN,High,10791
2025,Red,Pinotage,CAPE TOWN,High,12969
2025,Red,Roobernet,CAPE TOWN,High,7055
2025,Red,Ruby Cabernet,CAPE TOWN,High,5603
2025,Red,Shiraz,CAPE TOWN,High,9338
2025,Red,Tinta Barocca,CAPE TOWN,High,7885
2025,Red,Other Red,CAPE TOWN,High,10064
2025,White,Bukettraube,SWARTLAND     ,Low ,5178
2025,White,Crouchen,SWARTLAND     ,Low ,11518
2025,White,Chardonnay,SWARTLAND     ,Low ,6330
2025,White,Chenin Blanc,SWARTLAND     ,Low ,4151
2025,White,Clairette blanche,SWARTLAND     ,Low ,10792
2025,White,Colombar,SWARTLAND     ,Low ,4877
2025,White,Palomino,SWARTLAND     ,Low ,19507
2025,White,Gewurztraminer,SWARTLAND     ,Low ,6330
2025,White,Muscat d'Alexandrie,SWARTLAND     ,Low ,4877
2025,White,Muscat de Frontignan,SWARTLAND     ,Low ,5604
2025,White,Pinot gris,SWARTLAND     ,Low ,5604
2025,White,Sauvignon blanc,SWARTLAND     ,Low ,6330
2025,White,Sémillon,SWARTLAND     ,Low ,9339
2025,White,Viognier,SWARTLAND     ,Low ,4877
2025,White,Riesling,SWARTLAND     ,Low ,19507
2025,White,Other White,SWARTLAND     ,Low ,4877
2025,Red,Cabernet Franc,SWARTLAND     ,Low ,5604
2025,Red,Cabernet Sauvignon,SWARTLAND     ,Low ,6330
2025,Red,Carignan,SWARTLAND     ,Low ,5604
2025,Red,Cinsaut,SWARTLAND     ,Low ,5604
2025,Red,Gamay noir,SWARTLAND     ,Low ,10065
2025,Red,Merlot,SWARTLAND     ,Low ,5604
2025,Red,Petit Verdot,SWARTLAND     ,Low ,6330
2025,Red,Pinot noir,SWARTLAND     ,Low ,7056
2025,Red,Pinotage,SWARTLAND     ,Low ,5604
2025,Red,Roobernet,SWARTLAND     ,Low ,6330
2025,Red,Ruby Cabernet,SWARTLAND     ,Low ,4151
2025,Red,Shiraz,SWARTLAND     ,Low ,5604
2025,Red,Tinta Barocca,SWARTLAND     ,Low ,4877
2025,Red,Other Red,SWARTLAND     ,Low ,5604
2025,White,Bukettraube,SWARTLAND     ,High,6329
2025,White,Crouchen,SWARTLAND     ,High,14422
2025,White,Chardonnay,SWARTLAND     ,High,8612
2025,White,Chenin Blanc,SWARTLAND     ,High,5603
2025,White,Clairette blanche,SWARTLAND     ,High,15148
2025,White,Colombar,SWARTLAND     ,High,5603
2025,White,Palomino,SWARTLAND     ,High,8612
2025,White,Gewurztraminer,SWARTLAND     ,High,7055
2025,White,Muscat d'Alexandrie,SWARTLAND     ,High,7885
2025,White,Muscat de Frontignan,SWARTLAND     ,High,6329
2025,White,Pinot gris,SWARTLAND     ,High,6329
2025,White,Sauvignon blanc,SWARTLAND     ,High,7885
2025,White,Sémillon,SWARTLAND     ,High,11517
2025,White,Viognier,SWARTLAND     ,High,6329
2025,White,Riesling,SWARTLAND     ,High,13696
2025,White,Other White,SWARTLAND     ,High,6329
2025,Red,Cabernet Franc,SWARTLAND     ,High,7055
2025,Red,Cabernet Sauvignon,SWARTLAND     ,High,8612
2025,Red,Carignan,SWARTLAND     ,High,12969
2025,Red,Cinsaut,SWARTLAND     ,High,7885
2025,Red,Gamay noir,SWARTLAND     ,High,10791
2025,Red,Merlot,SWARTLAND     ,High,8612
2025,Red,Petit Verdot,SWARTLAND     ,High,9338
2025,Red,Pinot noir,SWARTLAND     ,High,10064
2025,Red,Pinotage,SWARTLAND     ,High,6329
2025,Red,Roobernet,SWARTLAND     ,High,7055
2025,Red,Ruby Cabernet,SWARTLAND     ,High,4876
2025,Red,Shiraz,SWARTLAND     ,High,7885
2025,Red,Tinta Barocca,SWARTLAND     ,High,18780
2025,Red,Other Red,SWARTLAND     ,High,7885
