target_area,target_cultivar,predictor_input_key,predictor_input_label,predictor_prior_category,n_obs,start_year,end_year,posterior_mean,posterior_median,ci_2_5,ci_97_5,interpretation
Breedekloof,Cabernet Sauvignon,water_costs,Water Costs,Irrigation,13,2013,2025,0.555166936809273,0.555982911958772,0.102940215092415,1.00424511002708,Water Costs has a credibly positive association with Cabernet Sauvignon yield in Breedekloof
Cape South Coast,Cabernet Sauvignon,organic_material,Organic Material,Organic fertilizer cost,6,2013,2018,0.609257270483502,0.611375699582716,0.0276000363953621,1.18731482030995,Organic Material has a credibly positive association with Cabernet Sauvignon yield in Cape South Coast
Klein Karoo,Cabernet Sauvignon,hired_transport,Hired Transport,Transport Rental,13,2013,2025,0.666550022637529,0.665063894843314,0.160573179387403,1.17220197022737,Hired Transport has a credibly positive association with Cabernet Sauvignon yield in Klein Karoo
Klein Karoo,Cabernet Sauvignon,water_costs,Water Costs,Irrigation,13,2013,2025,0.501556719000882,0.50199661718345,0.0499094855297973,0.952989699770602,Water Costs has a credibly positive association with Cabernet Sauvignon yield in Klein Karoo
Northern Cape,Cabernet Sauvignon,seasonal_labour_contract_work,Seasonal Labour & Contract Work,Seasonal Labour,13,2013,2025,0.477835674652579,0.475288235562081,0.126282699141948,0.841340605918852,Seasonal Labour & Contract Work has a credibly positive association with Cabernet Sauvignon yield in Northern Cape
Northern Cape,Cabernet Sauvignon,water_costs,Water Costs,Irrigation,13,2013,2025,0.485315190855714,0.484946163052937,0.040467818731631,0.940763711652511,Water Costs has a credibly positive association with Cabernet Sauvignon yield in Northern Cape
Olifants River,Cabernet Sauvignon,crop_protection,Crop Protection,Pestacide cost,13,2013,2025,0.534835728548466,0.535654329111903,0.0705207108789166,1.00114467617622,Crop Protection has a credibly positive association with Cabernet Sauvignon yield in Olifants River
Olifants River,Cabernet Sauvignon,fixed_improvements,Fixed Improvements,Fixed repairs,13,2013,2025,0.421411921096913,0.423586056104354,0.0658904104409754,0.78136511641925,Fixed Improvements has a credibly positive association with Cabernet Sauvignon yield in Olifants River
Olifants River,Cabernet Sauvignon,moveable_assets_or_production_means,Moveable Assets Or Production Means,Fixed repairs,13,2013,2025,0.445325133671761,0.446101230160316,0.0874222821723745,0.803759279648359,Moveable Assets Or Production Means has a credibly positive association with Cabernet Sauvignon yield in Olifants River
Olifants River,Cabernet Sauvignon,permanent_labour,Permanent Labour,Permanent Labour,13,2013,2025,0.428280733958999,0.428536555411167,0.0698846093041538,0.78412056133805,Permanent Labour has a credibly positive association with Cabernet Sauvignon yield in Olifants River
Olifants River,Cabernet Sauvignon,supervision,Supervision,Management,13,2013,2025,0.407938043488469,0.408909596046207,0.0480541908699343,0.765823174240305,Supervision has a credibly positive association with Cabernet Sauvignon yield in Olifants River
Olifants River,Cabernet Sauvignon,vineyards,Vineyards,Vineyard Repair,13,2013,2025,0.413301419222776,0.413449996369061,0.0517358923795057,0.772088654906695,Vineyards has a credibly positive association with Cabernet Sauvignon yield in Olifants River
Olifants River,Cabernet Sauvignon,water_costs,Water Costs,Irrigation,13,2013,2025,0.72737153006007,0.725373844460762,0.286271552531233,1.17646927603051,Water Costs has a credibly positive association with Cabernet Sauvignon yield in Olifants River
Stellenbosch,Cabernet Sauvignon,electricity,Electricity,Electricity,13,2013,2025,-0.584390749441714,-0.583684707974535,-1.10095726719004,-0.076178487994799,Electricity has a credibly negative association with Cabernet Sauvignon yield in Stellenbosch
Stellenbosch,Cabernet Sauvignon,herbicide_control,Herbicide Control,Herbacide Cost,11,2013,2025,0.561629898958421,0.557455233954719,0.077245830708521,1.05757961957011,Herbicide Control has a credibly positive association with Cabernet Sauvignon yield in Stellenbosch
Stellenbosch,Cabernet Sauvignon,hired_transport,Hired Transport,Transport Rental,13,2013,2025,0.609817242109721,0.610995091474721,0.0888414640616758,1.12504541152557,Hired Transport has a credibly positive association with Cabernet Sauvignon yield in Stellenbosch
Stellenbosch,Cabernet Sauvignon,seasonal_labour_contract_work,Seasonal Labour & Contract Work,Seasonal Labour,13,2013,2025,0.368820787382392,0.366752733704744,0.00716082176278651,0.727207110801797,Seasonal Labour & Contract Work has a credibly positive association with Cabernet Sauvignon yield in Stellenbosch
Swartland,Cabernet Sauvignon,fertilizer,Fertilizer,Fertilization Cost,13,2013,2025,0.490912135891702,0.491162819450925,0.0248024001004861,0.953308351372895,Fertilizer has a credibly positive association with Cabernet Sauvignon yield in Swartland
Swartland,Cabernet Sauvignon,fuel,Fuel,Fuel,13,2013,2025,0.285423192476966,0.285650041041314,0.0351490297283598,0.530290384010269,Fuel has a credibly positive association with Cabernet Sauvignon yield in Swartland
Swartland,Cabernet Sauvignon,seasonal_labour_contract_work,Seasonal Labour & Contract Work,Seasonal Labour,13,2013,2025,0.468178212585894,0.467283292717771,0.111709691498519,0.824745107079933,Seasonal Labour & Contract Work has a credibly positive association with Cabernet Sauvignon yield in Swartland
Breedekloof,Chardonnay,electricity,Electricity,Electricity,13,2013,2025,-0.563075492854861,-0.560890820453271,-1.08272284124953,-0.0543007582620688,Electricity has a credibly negative association with Chardonnay yield in Breedekloof
Cape South Coast,Chardonnay,electricity,Electricity,Electricity,13,2013,2025,0.55647450321959,0.553542151668072,0.0537526085756963,1.06848423479939,Electricity has a credibly positive association with Chardonnay yield in Cape South Coast
Cape South Coast,Chardonnay,fuel,Fuel,Fuel,13,2013,2025,0.262597074248783,0.264094411650725,0.0134744859174641,0.509683912796079,Fuel has a credibly positive association with Chardonnay yield in Cape South Coast
Cape South Coast,Chardonnay,hired_transport,Hired Transport,Transport Rental,13,2013,2025,0.756414258440123,0.759020394251848,0.232705696555694,1.2751640826231,Hired Transport has a credibly positive association with Chardonnay yield in Cape South Coast
Klein Karoo,Chardonnay,supervision,Supervision,Management,13,2013,2025,0.437114576985194,0.434650994965756,0.0718395097972481,0.802224708956807,Supervision has a credibly positive association with Chardonnay yield in Klein Karoo
Northern Cape,Chardonnay,permanent_labour,Permanent Labour,Permanent Labour,13,2013,2025,0.383233935291415,0.380981945618793,0.0272376261478959,0.747931379446701,Permanent Labour has a credibly positive association with Chardonnay yield in Northern Cape
Northern Cape,Chardonnay,seasonal_labour_contract_work,Seasonal Labour & Contract Work,Seasonal Labour,13,2013,2025,0.388211392068205,0.390586540205674,0.0199242132101332,0.74714546738444,Seasonal Labour & Contract Work has a credibly positive association with Chardonnay yield in Northern Cape
Olifants River,Chardonnay,fixed_improvements,Fixed Improvements,Fixed repairs,13,2013,2025,0.380527874888118,0.379849937218603,0.0186057595157808,0.738117791498627,Fixed Improvements has a credibly positive association with Chardonnay yield in Olifants River
Olifants River,Chardonnay,supervision,Supervision,Management,13,2013,2025,0.374566891474259,0.374694456901136,0.0120671346331916,0.730832460226345,Supervision has a credibly positive association with Chardonnay yield in Olifants River
Olifants River,Chardonnay,water_costs,Water Costs,Irrigation,13,2013,2025,0.574511032843376,0.576699313735475,0.12333598526157,1.0300573116899,Water Costs has a credibly positive association with Chardonnay yield in Olifants River
Paarl,Chardonnay,organic_material,Organic Material,Organic fertilizer cost,8,2013,2020,0.591175259666547,0.587144392437623,0.058315863629908,1.12859912449442,Organic Material has a credibly positive association with Chardonnay yield in Paarl
Stellenbosch,Chardonnay,herbicide_control,Herbicide Control,Herbacide Cost,11,2013,2025,0.531999133009831,0.531907713400852,0.0365531076957488,1.02111556983677,Herbicide Control has a credibly positive association with Chardonnay yield in Stellenbosch
Stellenbosch,Chardonnay,seasonal_labour_contract_work,Seasonal Labour & Contract Work,Seasonal Labour,13,2013,2025,0.509912822936801,0.511356353183417,0.149139311340545,0.869363372415375,Seasonal Labour & Contract Work has a credibly positive association with Chardonnay yield in Stellenbosch
Swartland,Chardonnay,fixed_improvements,Fixed Improvements,Fixed repairs,13,2013,2025,0.393867101579698,0.393293701070563,0.0365569149288435,0.746110104659264,Fixed Improvements has a credibly positive association with Chardonnay yield in Swartland
Swartland,Chardonnay,fuel,Fuel,Fuel,13,2013,2025,0.303051700723555,0.302830353950367,0.0545632137455097,0.546247399559897,Fuel has a credibly positive association with Chardonnay yield in Swartland
Swartland,Chardonnay,herbicide_control,Herbicide Control,Herbacide Cost,11,2013,2025,0.559949043364197,0.5606145309957,0.0683905723535427,1.04318712252895,Herbicide Control has a credibly positive association with Chardonnay yield in Swartland
Swartland,Chardonnay,seasonal_labour_contract_work,Seasonal Labour & Contract Work,Seasonal Labour,13,2013,2025,0.551038470804708,0.548173247839112,0.188773500450972,0.920275266174489,Seasonal Labour & Contract Work has a credibly positive association with Chardonnay yield in Swartland
Swartland,Chardonnay,supervision,Supervision,Management,13,2013,2025,0.404209322312148,0.404628609721096,0.0432746335111741,0.758040714523173,Supervision has a credibly positive association with Chardonnay yield in Swartland
Cape South Coast,Chenin Blanc,crop_protection,Crop Protection,Pestacide cost,13,2013,2025,0.515755536887954,0.515859469711685,0.0442636522739398,0.979704729940243,Crop Protection has a credibly positive association with Chenin Blanc yield in Cape South Coast
Cape South Coast,Chenin Blanc,moveable_assets_or_production_means,Moveable Assets Or Production Means,Fixed repairs,13,2013,2025,0.421761956609502,0.421640201128156,0.0628858964092652,0.785600692527167,Moveable Assets Or Production Means has a credibly positive association with Chenin Blanc yield in Cape South Coast
Cape South Coast,Chenin Blanc,water_costs,Water Costs,Irrigation,13,2013,2025,0.460830070908587,0.45913409050442,0.00971145807466126,0.911276547662071,Water Costs has a credibly positive association with Chenin Blanc yield in Cape South Coast
Northern Cape,Chenin Blanc,seasonal_labour_contract_work,Seasonal Labour & Contract Work,Seasonal Labour,13,2013,2025,0.397750033487722,0.398477130314859,0.0364424210594699,0.753121433038432,Seasonal Labour & Contract Work has a credibly positive association with Chenin Blanc yield in Northern Cape
Olifants River,Chenin Blanc,crop_protection,Crop Protection,Pestacide cost,13,2013,2025,0.58641725188046,0.586994139584388,0.118052716373554,1.04729959864854,Crop Protection has a credibly positive association with Chenin Blanc yield in Olifants River
Olifants River,Chenin Blanc,fertilizer,Fertilizer,Fertilization Cost,13,2013,2025,0.476764656051911,0.477897417216047,0.0272002494276503,0.936865636067783,Fertilizer has a credibly positive association with Chenin Blanc yield in Olifants River
Olifants River,Chenin Blanc,moveable_assets_or_production_means,Moveable Assets Or Production Means,Fixed repairs,13,2013,2025,0.468860358277366,0.469545908179132,0.107657407293235,0.820055209977311,Moveable Assets Or Production Means has a credibly positive association with Chenin Blanc yield in Olifants River
Olifants River,Chenin Blanc,permanent_labour,Permanent Labour,Permanent Labour,13,2013,2025,0.401575649166716,0.400888944532105,0.0460316884672166,0.763293898686868,Permanent Labour has a credibly positive association with Chenin Blanc yield in Olifants River
Olifants River,Chenin Blanc,water_costs,Water Costs,Irrigation,13,2013,2025,0.478643097877047,0.478207312691933,0.0274340700790166,0.943727914328042,Water Costs has a credibly positive association with Chenin Blanc yield in Olifants River
Paarl,Chenin Blanc,organic_material,Organic Material,Organic fertilizer cost,8,2013,2020,0.599564573581269,0.598617170785153,0.0570937875534385,1.13592203156764,Organic Material has a credibly positive association with Chenin Blanc yield in Paarl
Paarl,Chenin Blanc,seasonal_labour_contract_work,Seasonal Labour & Contract Work,Seasonal Labour,13,2013,2025,0.367606268153359,0.367912941471413,0.00603594547422165,0.730326067684109,Seasonal Labour & Contract Work has a credibly positive association with Chenin Blanc yield in Paarl
Stellenbosch,Chenin Blanc,herbicide_control,Herbicide Control,Herbacide Cost,11,2013,2025,0.531388094938857,0.532388263369187,0.0425140262437646,1.02576795308447,Herbicide Control has a credibly positive association with Chenin Blanc yield in Stellenbosch
Swartland,Chenin Blanc,fixed_improvements,Fixed Improvements,Fixed repairs,13,2013,2025,0.414125525760364,0.414849505402251,0.0556678261930902,0.773206735716051,Fixed Improvements has a credibly positive association with Chenin Blanc yield in Swartland
Swartland,Chenin Blanc,fuel,Fuel,Fuel,13,2013,2025,0.28645974513582,0.28673411692026,0.0415864825841828,0.534388171569598,Fuel has a credibly positive association with Chenin Blanc yield in Swartland
Swartland,Chenin Blanc,moveable_assets_or_production_means,Moveable Assets Or Production Means,Fixed repairs,13,2013,2025,0.391250217859198,0.392036482448703,0.0295765588273163,0.759772441864579,Moveable Assets Or Production Means has a credibly positive association with Chenin Blanc yield in Swartland
Swartland,Chenin Blanc,seasonal_labour_contract_work,Seasonal Labour & Contract Work,Seasonal Labour,13,2013,2025,0.543585796030655,0.544895523421458,0.181836352660889,0.900856367084902,Seasonal Labour & Contract Work has a credibly positive association with Chenin Blanc yield in Swartland
Worcester,Chenin Blanc,fixed_improvements,Fixed Improvements,Fixed repairs,13,2013,2025,0.366972418892801,0.364713291131901,0.0130608715231042,0.731610452911557,Fixed Improvements has a credibly positive association with Chenin Blanc yield in Worcester
Cape South Coast,Cinsaut,supervision,Supervision,Management,10,2016,2025,0.426863053459213,0.424862938591643,0.0448067523985195,0.81311635164558,Supervision has a credibly positive association with Cinsaut yield in Cape South Coast
Cape South Coast,Cinsaut,vineyards,Vineyards,Vineyard Repair,10,2016,2025,0.460749941100806,0.460853001936622,0.0802028052273964,0.843253111966411,Vineyards has a credibly positive association with Cinsaut yield in Cape South Coast
Klein Karoo,Cinsaut,moveable_assets_or_production_means,Moveable Assets Or Production Means,Fixed repairs,9,2013,2025,0.425283035718242,0.424248712097843,0.0417808616250768,0.818532327142635,Moveable Assets Or Production Means has a credibly positive association with Cinsaut yield in Klein Karoo
Klein Karoo,Cinsaut,permanent_labour,Permanent Labour,Permanent Labour,9,2013,2025,0.414345483240485,0.414480918440245,0.0282406124181607,0.801477950673328,Permanent Labour has a credibly positive association with Cinsaut yield in Klein Karoo
Klein Karoo,Cinsaut,vineyards,Vineyards,Vineyard Repair,9,2013,2025,0.40928580605421,0.407303951565811,0.0322768549889311,0.791082591492568,Vineyards has a credibly positive association with Cinsaut yield in Klein Karoo
Olifants River,Cinsaut,fixed_improvements,Fixed Improvements,Fixed repairs,13,2013,2025,0.384825772214434,0.384999622062456,0.0249465263015998,0.745350685917449,Fixed Improvements has a credibly positive association with Cinsaut yield in Olifants River
Olifants River,Cinsaut,permanent_labour,Permanent Labour,Permanent Labour,13,2013,2025,0.425640945033505,0.425317226940251,0.0614287955232155,0.790373901107739,Permanent Labour has a credibly positive association with Cinsaut yield in Olifants River
Paarl,Cinsaut,crop_protection,Crop Protection,Pestacide cost,13,2013,2025,0.544907249641563,0.545133789841174,0.0903618780986319,1.00301021500998,Crop Protection has a credibly positive association with Cinsaut yield in Paarl
Paarl,Cinsaut,seasonal_labour_contract_work,Seasonal Labour & Contract Work,Seasonal Labour,13,2013,2025,0.431991756073588,0.430708850839408,0.0758507302866695,0.787162947606249,Seasonal Labour & Contract Work has a credibly positive association with Cinsaut yield in Paarl
Stellenbosch,Cinsaut,electricity,Electricity,Electricity,13,2013,2025,-0.532016849479359,-0.531610225670418,-1.03912890249562,-0.0182236029770064,Electricity has a credibly negative association with Cinsaut yield in Stellenbosch
Stellenbosch,Cinsaut,hired_transport,Hired Transport,Transport Rental,13,2013,2025,0.711010062396786,0.711352212117375,0.18789540453015,1.22621498572741,Hired Transport has a credibly positive association with Cinsaut yield in Stellenbosch
Stellenbosch,Cinsaut,seasonal_labour_contract_work,Seasonal Labour & Contract Work,Seasonal Labour,13,2013,2025,0.410394214412963,0.410611448302141,0.0427830922352799,0.762229294901612,Seasonal Labour & Contract Work has a credibly positive association with Cinsaut yield in Stellenbosch
Stellenbosch,Cinsaut,water_costs,Water Costs,Irrigation,13,2013,2025,0.554408120805148,0.554134632178597,0.106817553842337,1.00682993406146,Water Costs has a credibly positive association with Cinsaut yield in Stellenbosch
Swartland,Cinsaut,crop_protection,Crop Protection,Pestacide cost,13,2013,2025,0.547675980026659,0.550589485282309,0.0770296512250425,1.00603422582838,Crop Protection has a credibly positive association with Cinsaut yield in Swartland
Swartland,Cinsaut,fixed_improvements,Fixed Improvements,Fixed repairs,13,2013,2025,0.37657186195644,0.376799488397216,0.0131731634874103,0.734047833430103,Fixed Improvements has a credibly positive association with Cinsaut yield in Swartland
Swartland,Cinsaut,hired_transport,Hired Transport,Transport Rental,13,2013,2025,0.538608684617685,0.540203884124867,0.0257526894321519,1.05077901557015,Hired Transport has a credibly positive association with Cinsaut yield in Swartland
Swartland,Cinsaut,permanent_labour,Permanent Labour,Permanent Labour,13,2013,2025,0.36871866666156,0.369578652280827,0.00563422548395314,0.736927335216537,Permanent Labour has a credibly positive association with Cinsaut yield in Swartland
Swartland,Cinsaut,seasonal_labour_contract_work,Seasonal Labour & Contract Work,Seasonal Labour,13,2013,2025,0.39060610290512,0.38923606237954,0.0308657935142995,0.753855867126604,Seasonal Labour & Contract Work has a credibly positive association with Cinsaut yield in Swartland
Worcester,Cinsaut,supervision,Supervision,Management,13,2013,2025,0.372864886560943,0.373656126365182,0.014280098301017,0.73142778923058,Supervision has a credibly positive association with Cinsaut yield in Worcester
Northern Cape,Colombard,seasonal_labour_contract_work,Seasonal Labour & Contract Work,Seasonal Labour,13,2013,2025,0.417413989801651,0.418276441360217,0.0568004811465634,0.774665383390615,Seasonal Labour & Contract Work has a credibly positive association with Colombard yield in Northern Cape
Paarl,Colombard,fixed_improvements,Fixed Improvements,Fixed repairs,13,2013,2025,0.401176021142788,0.401544439549503,0.0423282938756314,0.761825699220949,Fixed Improvements has a credibly positive association with Colombard yield in Paarl
Paarl,Colombard,moveable_assets_or_production_means,Moveable Assets Or Production Means,Fixed repairs,13,2013,2025,0.414519343502436,0.419129694972416,0.0487516452723928,0.766805592305818,Moveable Assets Or Production Means has a credibly positive association with Colombard yield in Paarl
Paarl,Colombard,organic_material,Organic Material,Organic fertilizer cost,8,2013,2020,0.649830942364674,0.649512795182558,0.107829927129159,1.18658079658876,Organic Material has a credibly positive association with Colombard yield in Paarl
Paarl,Colombard,seasonal_labour_contract_work,Seasonal Labour & Contract Work,Seasonal Labour,13,2013,2025,0.401920099902294,0.402606309753028,0.0417304633450329,0.760972173828201,Seasonal Labour & Contract Work has a credibly positive association with Colombard yield in Paarl
Stellenbosch,Colombard,fuel,Fuel,Fuel,13,2013,2025,0.264788807654588,0.265908108935122,0.0172921234121708,0.507058045253554,Fuel has a credibly positive association with Colombard yield in Stellenbosch
Swartland,Colombard,electricity,Electricity,Electricity,13,2013,2025,-0.664548074917015,-0.665546392726316,-1.17062523785448,-0.144770249857966,Electricity has a credibly negative association with Colombard yield in Swartland
Swartland,Colombard,herbicide_control,Herbicide Control,Herbacide Cost,11,2013,2025,0.525849269172845,0.524933689453115,0.0300487085698494,1.01083754282586,Herbicide Control has a credibly positive association with Colombard yield in Swartland
Swartland,Colombard,organic_material,Organic Material,Organic fertilizer cost,8,2013,2020,0.722081189729999,0.723831505711767,0.18480257596681,1.26008685945275,Organic Material has a credibly positive association with Colombard yield in Swartland
Breedekloof,Merlot,water_costs,Water Costs,Irrigation,13,2013,2025,0.534379530191211,0.535212510902698,0.0906221473765025,0.98264651654086,Water Costs has a credibly positive association with Merlot yield in Breedekloof
Klein Karoo,Merlot,hired_transport,Hired Transport,Transport Rental,13,2013,2025,0.635419622890947,0.636785257828359,0.118581929627482,1.14508750699004,Hired Transport has a credibly positive association with Merlot yield in Klein Karoo
Klein Karoo,Merlot,seasonal_labour_contract_work,Seasonal Labour & Contract Work,Seasonal Labour,13,2013,2025,0.422809614731989,0.421348547632367,0.0629109206923843,0.78127264939123,Seasonal Labour & Contract Work has a credibly positive association with Merlot yield in Klein Karoo
Klein Karoo,Merlot,supervision,Supervision,Management,13,2013,2025,0.372429360013134,0.371613629172984,0.0118254005871977,0.743532842115148,Supervision has a credibly positive association with Merlot yield in Klein Karoo
Klein Karoo,Merlot,water_costs,Water Costs,Irrigation,13,2013,2025,0.462551718761944,0.460669099426235,0.00797168535817955,0.913832908347373,Water Costs has a credibly positive association with Merlot yield in Klein Karoo
Northern Cape,Merlot,seasonal_labour_contract_work,Seasonal Labour & Contract Work,Seasonal Labour,13,2013,2025,0.382896419407914,0.384129061747338,0.0186879859860297,0.741210974160744,Seasonal Labour & Contract Work has a credibly positive association with Merlot yield in Northern Cape
Olifants River,Merlot,crop_protection,Crop Protection,Pestacide cost,13,2013,2025,0.480122947050413,0.480360151662784,0.0143144873554997,0.952919526752464,Crop Protection has a credibly positive association with Merlot yield in Olifants River
Olifants River,Merlot,fixed_improvements,Fixed Improvements,Fixed repairs,13,2013,2025,0.411623983067062,0.411079258944194,0.0496937257995161,0.775420210332873,Fixed Improvements has a credibly positive association with Merlot yield in Olifants River
Olifants River,Merlot,hired_transport,Hired Transport,Transport Rental,13,2013,2025,0.539440365528956,0.54119214049919,0.0237057195869508,1.06052904436829,Hired Transport has a credibly positive association with Merlot yield in Olifants River
Olifants River,Merlot,moveable_assets_or_production_means,Moveable Assets Or Production Means,Fixed repairs,13,2013,2025,0.477657797060907,0.478405707098284,0.11415892706201,0.838952406094471,Moveable Assets Or Production Means has a credibly positive association with Merlot yield in Olifants River
Olifants River,Merlot,permanent_labour,Permanent Labour,Permanent Labour,13,2013,2025,0.47542751493475,0.477547430101479,0.112602907949184,0.835617592876116,Permanent Labour has a credibly positive association with Merlot yield in Olifants River
Olifants River,Merlot,supervision,Supervision,Management,13,2013,2025,0.410926528684319,0.408896659671839,0.057184992782307,0.778817099584878,Supervision has a credibly positive association with Merlot yield in Olifants River
Olifants River,Merlot,vineyards,Vineyards,Vineyard Repair,13,2013,2025,0.372537511214597,0.371228063997161,0.0178102395595262,0.739220380925198,Vineyards has a credibly positive association with Merlot yield in Olifants River
Olifants River,Merlot,water_costs,Water Costs,Irrigation,13,2013,2025,0.701775071807252,0.701474684212203,0.262217302822093,1.14651877634816,Water Costs has a credibly positive association with Merlot yield in Olifants River
Paarl,Merlot,crop_protection,Crop Protection,Pestacide cost,13,2013,2025,0.535979557766079,0.537823801051693,0.0817194071877299,0.985115848851111,Crop Protection has a credibly positive association with Merlot yield in Paarl
Paarl,Merlot,hired_transport,Hired Transport,Transport Rental,13,2013,2025,-0.547943324426208,-0.5466940471463,-1.07617519987191,-0.0250284789737919,Hired Transport has a credibly negative association with Merlot yield in Paarl
Paarl,Merlot,organic_material,Organic Material,Organic fertilizer cost,8,2013,2020,0.617235898979438,0.616130905453741,0.0701701186687951,1.16800862126303,Organic Material has a credibly positive association with Merlot yield in Paarl
Paarl,Merlot,seasonal_labour_contract_work,Seasonal Labour & Contract Work,Seasonal Labour,13,2013,2025,0.366906680372661,0.368289844921198,0.0109944944519835,0.720528715500106,Seasonal Labour & Contract Work has a credibly positive association with Merlot yield in Paarl
Stellenbosch,Merlot,electricity,Electricity,Electricity,13,2013,2025,-0.616154308312634,-0.614095760749683,-1.12471917530519,-0.106165578542911,Electricity has a credibly negative association with Merlot yield in Stellenbosch
Stellenbosch,Merlot,herbicide_control,Herbicide Control,Herbacide Cost,11,2013,2025,0.506527837788613,0.508298482621696,0.0157001664459485,0.992860324708123,Herbicide Control has a credibly positive association with Merlot yield in Stellenbosch
Stellenbosch,Merlot,seasonal_labour_contract_work,Seasonal Labour & Contract Work,Seasonal Labour,13,2013,2025,0.43848850268533,0.438600809344028,0.0830923852365622,0.79210871072891,Seasonal Labour & Contract Work has a credibly positive association with Merlot yield in Stellenbosch
Swartland,Merlot,fertilizer,Fertilizer,Fertilization Cost,13,2013,2025,0.599692853333002,0.598423886589993,0.141852280216705,1.06148423167427,Fertilizer has a credibly positive association with Merlot yield in Swartland
Swartland,Merlot,fixed_improvements,Fixed Improvements,Fixed repairs,13,2013,2025,0.478660976586845,0.479643759802888,0.114238147291824,0.835508433361084,Fixed Improvements has a credibly positive association with Merlot yield in Swartland
Swartland,Merlot,fuel,Fuel,Fuel,13,2013,2025,0.261305033695154,0.259464235383612,0.0138175639073349,0.512189339986943,Fuel has a credibly positive association with Merlot yield in Swartland
Swartland,Merlot,moveable_assets_or_production_means,Moveable Assets Or Production Means,Fixed repairs,13,2013,2025,0.506036110462077,0.506297185787755,0.140329463021226,0.854825974625215,Moveable Assets Or Production Means has a credibly positive association with Merlot yield in Swartland
Swartland,Merlot,permanent_labour,Permanent Labour,Permanent Labour,13,2013,2025,0.401969197787311,0.401947148028239,0.042540789665697,0.764642709267738,Permanent Labour has a credibly positive association with Merlot yield in Swartland
Swartland,Merlot,seasonal_labour_contract_work,Seasonal Labour & Contract Work,Seasonal Labour,13,2013,2025,0.480635658055443,0.478992629134646,0.121844734540551,0.838313194040581,Seasonal Labour & Contract Work has a credibly positive association with Merlot yield in Swartland
Swartland,Merlot,seed,Seed,Intermediate Goods,13,2013,2025,0.735812237438677,0.732870437340586,0.225945050331228,1.24545577988324,Seed has a credibly positive association with Merlot yield in Swartland
Worcester,Merlot,seed,Seed,Intermediate Goods,13,2013,2025,0.684344551254252,0.683851881318271,0.172657902192665,1.20303138343885,Seed has a credibly positive association with Merlot yield in Worcester
Cape South Coast,Pinotage,water_costs,Water Costs,Irrigation,13,2013,2025,0.524877929997111,0.523702687513908,0.0799922834628142,0.981799323988795,Water Costs has a credibly positive association with Pinotage yield in Cape South Coast
Klein Karoo,Pinotage,supervision,Supervision,Management,13,2013,2025,0.372233256113915,0.373214517503854,0.00518421194008786,0.726857074629009,Supervision has a credibly positive association with Pinotage yield in Klein Karoo
Klein Karoo,Pinotage,vineyards,Vineyards,Vineyard Repair,13,2013,2025,0.438571377430365,0.441747470450216,0.0713983684551271,0.800708663296055,Vineyards has a credibly positive association with Pinotage yield in Klein Karoo
Olifants River,Pinotage,fixed_improvements,Fixed Improvements,Fixed repairs,13,2013,2025,0.514147665573078,0.513484694850317,0.160114047171326,0.87236237424447,Fixed Improvements has a credibly positive association with Pinotage yield in Olifants River
Olifants River,Pinotage,hired_transport,Hired Transport,Transport Rental,13,2013,2025,0.526242467537099,0.527456278500634,0.0108708196912211,1.04422196510871,Hired Transport has a credibly positive association with Pinotage yield in Olifants River
Olifants River,Pinotage,moveable_assets_or_production_means,Moveable Assets Or Production Means,Fixed repairs,13,2013,2025,0.369130914694234,0.369705314470713,0.0176681247163591,0.728860917206751,Moveable Assets Or Production Means has a credibly positive association with Pinotage yield in Olifants River
Olifants River,Pinotage,permanent_labour,Permanent Labour,Permanent Labour,13,2013,2025,0.407393664327641,0.408246815890077,0.0502773578452503,0.757536873930684,Permanent Labour has a credibly positive association with Pinotage yield in Olifants River
Olifants River,Pinotage,supervision,Supervision,Management,13,2013,2025,0.450750700116373,0.446224646899162,0.093169103613978,0.81679922267276,Supervision has a credibly positive association with Pinotage yield in Olifants River
Olifants River,Pinotage,vineyards,Vineyards,Vineyard Repair,13,2013,2025,0.375774519176567,0.374731965039244,0.0117030555224879,0.734912694591572,Vineyards has a credibly positive association with Pinotage yield in Olifants River
Olifants River,Pinotage,water_costs,Water Costs,Irrigation,13,2013,2025,0.724811049926782,0.723421613158073,0.280237099798306,1.16953577431502,Water Costs has a credibly positive association with Pinotage yield in Olifants River
Paarl,Pinotage,organic_material,Organic Material,Organic fertilizer cost,8,2013,2020,0.627106335818361,0.628104366521171,0.0816900759946599,1.15878884657207,Organic Material has a credibly positive association with Pinotage yield in Paarl
Stellenbosch,Pinotage,fuel,Fuel,Fuel,13,2013,2025,0.258286849087461,0.258874222946398,0.0104544419882366,0.506972837520547,Fuel has a credibly positive association with Pinotage yield in Stellenbosch
Stellenbosch,Pinotage,seasonal_labour_contract_work,Seasonal Labour & Contract Work,Seasonal Labour,13,2013,2025,0.438996362924377,0.440187772021277,0.0727379094677542,0.795077835374109,Seasonal Labour & Contract Work has a credibly positive association with Pinotage yield in Stellenbosch
Swartland,Pinotage,fixed_improvements,Fixed Improvements,Fixed repairs,13,2013,2025,0.455023661050065,0.454632265299758,0.0957298130057752,0.815619466987305,Fixed Improvements has a credibly positive association with Pinotage yield in Swartland
Swartland,Pinotage,fuel,Fuel,Fuel,13,2013,2025,0.271417249838358,0.27046703567902,0.0251655615863679,0.516365808470306,Fuel has a credibly positive association with Pinotage yield in Swartland
Swartland,Pinotage,moveable_assets_or_production_means,Moveable Assets Or Production Means,Fixed repairs,13,2013,2025,0.385403635271707,0.384390628144462,0.0300658395080004,0.749373272834968,Moveable Assets Or Production Means has a credibly positive association with Pinotage yield in Swartland
Swartland,Pinotage,seasonal_labour_contract_work,Seasonal Labour & Contract Work,Seasonal Labour,13,2013,2025,0.497059938266258,0.497917319210614,0.140926828125007,0.857534796089009,Seasonal Labour & Contract Work has a credibly positive association with Pinotage yield in Swartland
Swartland,Pinotage,supervision,Supervision,Management,13,2013,2025,0.421560601092434,0.421199793166729,0.0578763154595399,0.774210022915722,Supervision has a credibly positive association with Pinotage yield in Swartland
Swartland,Pinotage,water_costs,Water Costs,Irrigation,13,2013,2025,0.464901105250077,0.464322891780622,0.0143514325069771,0.913320655898483,Water Costs has a credibly positive association with Pinotage yield in Swartland
Worcester,Pinotage,fixed_improvements,Fixed Improvements,Fixed repairs,13,2013,2025,0.37040581177541,0.37013800161062,0.00830040415463927,0.731648102476675,Fixed Improvements has a credibly positive association with Pinotage yield in Worcester
Breedekloof,Sauvignon Blanc,crop_protection,Crop Protection,Pestacide cost,13,2013,2025,0.456727659731783,0.455248068016634,0.000583215184017542,0.916373713428574,Crop Protection has a credibly positive association with Sauvignon Blanc yield in Breedekloof
Breedekloof,Sauvignon Blanc,water_costs,Water Costs,Irrigation,13,2013,2025,0.540481003381482,0.541479499205693,0.0859245927031783,0.991181494990553,Water Costs has a credibly positive association with Sauvignon Blanc yield in Breedekloof
Cape South Coast,Sauvignon Blanc,fixed_improvements,Fixed Improvements,Fixed repairs,13,2013,2025,0.492288382836333,0.490680393609939,0.137585184650987,0.850542467141155,Fixed Improvements has a credibly positive association with Sauvignon Blanc yield in Cape South Coast
Cape South Coast,Sauvignon Blanc,fuel,Fuel,Fuel,13,2013,2025,0.275850050678368,0.27714738659535,0.0313571440629,0.519972909132195,Fuel has a credibly positive association with Sauvignon Blanc yield in Cape South Coast
Cape South Coast,Sauvignon Blanc,hired_transport,Hired Transport,Transport Rental,13,2013,2025,0.615286361925502,0.618472612934205,0.105210421798168,1.11556066606392,Hired Transport has a credibly positive association with Sauvignon Blanc yield in Cape South Coast
Cape South Coast,Sauvignon Blanc,moveable_assets_or_production_means,Moveable Assets Or Production Means,Fixed repairs,13,2013,2025,0.455407306787772,0.456989950345792,0.0946504591274723,0.806306778883724,Moveable Assets Or Production Means has a credibly positive association with Sauvignon Blanc yield in Cape South Coast
Cape South Coast,Sauvignon Blanc,organic_material,Organic Material,Organic fertilizer cost,6,2013,2018,0.654363794360873,0.654183100225558,0.0642031313690482,1.23492583374256,Organic Material has a credibly positive association with Sauvignon Blanc yield in Cape South Coast
Klein Karoo,Sauvignon Blanc,crop_protection,Crop Protection,Pestacide cost,13,2013,2025,0.499260386537671,0.500096611142714,0.0375232145950785,0.965069514818535,Crop Protection has a credibly positive association with Sauvignon Blanc yield in Klein Karoo
Klein Karoo,Sauvignon Blanc,herbicide_control,Herbicide Control,Herbacide Cost,11,2013,2025,0.534267301012198,0.531127778488684,0.0518302153931596,1.03069318389173,Herbicide Control has a credibly positive association with Sauvignon Blanc yield in Klein Karoo
Klein Karoo,Sauvignon Blanc,moveable_assets_or_production_means,Moveable Assets Or Production Means,Fixed repairs,13,2013,2025,0.446776193743321,0.446963465204639,0.0917194734560602,0.808947835734271,Moveable Assets Or Production Means has a credibly positive association with Sauvignon Blanc yield in Klein Karoo
Klein Karoo,Sauvignon Blanc,permanent_labour,Permanent Labour,Permanent Labour,13,2013,2025,0.461067473592057,0.459243922148284,0.105580502246529,0.824928280946861,Permanent Labour has a credibly positive association with Sauvignon Blanc yield in Klein Karoo
Olifants River,Sauvignon Blanc,crop_protection,Crop Protection,Pestacide cost,13,2013,2025,0.502351390068012,0.502601547778383,0.0448901605311923,0.972474564330668,Crop Protection has a credibly positive association with Sauvignon Blanc yield in Olifants River
Olifants River,Sauvignon Blanc,fuel,Fuel,Fuel,13,2013,2025,0.261987220910576,0.260352613896189,0.0149097497822409,0.514189500024953,Fuel has a credibly positive association with Sauvignon Blanc yield in Olifants River
Olifants River,Sauvignon Blanc,moveable_assets_or_production_means,Moveable Assets Or Production Means,Fixed repairs,13,2013,2025,0.439550275130551,0.439758229673433,0.0783478146916871,0.805815718226723,Moveable Assets Or Production Means has a credibly positive association with Sauvignon Blanc yield in Olifants River
Olifants River,Sauvignon Blanc,supervision,Supervision,Management,13,2013,2025,0.397936031583333,0.39574813108707,0.0495932708036558,0.76456260935145,Supervision has a credibly positive association with Sauvignon Blanc yield in Olifants River
Robertson,Sauvignon Blanc,electricity,Electricity,Electricity,13,2013,2025,0.575819135112174,0.575219332452486,0.0662463837607978,1.08276142912105,Electricity has a credibly positive association with Sauvignon Blanc yield in Robertson
Stellenbosch,Sauvignon Blanc,crop_protection,Crop Protection,Pestacide cost,13,2013,2025,0.526777613988095,0.527296032577555,0.0683368317635324,0.987762845731759,Crop Protection has a credibly positive association with Sauvignon Blanc yield in Stellenbosch
Stellenbosch,Sauvignon Blanc,herbicide_control,Herbicide Control,Herbacide Cost,11,2013,2025,0.639016969744365,0.638859447566885,0.148725505622176,1.13464726763379,Herbicide Control has a credibly positive association with Sauvignon Blanc yield in Stellenbosch
Stellenbosch,Sauvignon Blanc,seasonal_labour_contract_work,Seasonal Labour & Contract Work,Seasonal Labour,13,2013,2025,0.404353438041698,0.404826960253708,0.0448879993142755,0.763491731277507,Seasonal Labour & Contract Work has a credibly positive association with Sauvignon Blanc yield in Stellenbosch
Swartland,Sauvignon Blanc,fertilizer,Fertilizer,Fertilization Cost,13,2013,2025,0.623011114755525,0.623115018360345,0.166878167169254,1.08358530492089,Fertilizer has a credibly positive association with Sauvignon Blanc yield in Swartland
Swartland,Sauvignon Blanc,fuel,Fuel,Fuel,13,2013,2025,0.317238482616885,0.31700966376918,0.0645235465565336,0.566454433684038,Fuel has a credibly positive association with Sauvignon Blanc yield in Swartland
Swartland,Sauvignon Blanc,seasonal_labour_contract_work,Seasonal Labour & Contract Work,Seasonal Labour,13,2013,2025,0.513988400644325,0.515991360159334,0.149666945945075,0.869520915652089,Seasonal Labour & Contract Work has a credibly positive association with Sauvignon Blanc yield in Swartland
Worcester,Sauvignon Blanc,crop_protection,Crop Protection,Pestacide cost,13,2013,2025,0.476241265278705,0.476893095281778,0.0204806735801795,0.943385090619201,Crop Protection has a credibly positive association with Sauvignon Blanc yield in Worcester
Breedekloof,Shiraz,water_costs,Water Costs,Irrigation,13,2013,2025,0.551634153926313,0.553613378247924,0.10663681990344,1.00414744014528,Water Costs has a credibly positive association with Shiraz yield in Breedekloof
Cape South Coast,Shiraz,hired_transport,Hired Transport,Transport Rental,13,2013,2025,0.605885517432852,0.607823737052948,0.0870847035815556,1.12470785047024,Hired Transport has a credibly positive association with Shiraz yield in Cape South Coast
Cape South Coast,Shiraz,seed,Seed,Intermediate Goods,13,2013,2025,0.549674752923101,0.549139884178284,0.0351635048682934,1.06727271313192,Seed has a credibly positive association with Shiraz yield in Cape South Coast
Northern Cape,Shiraz,seasonal_labour_contract_work,Seasonal Labour & Contract Work,Seasonal Labour,13,2013,2025,0.421664834569747,0.421575462764403,0.0550970171611668,0.77950116802768,Seasonal Labour & Contract Work has a credibly positive association with Shiraz yield in Northern Cape
Olifants River,Shiraz,crop_protection,Crop Protection,Pestacide cost,13,2013,2025,0.512286019055617,0.516295390121124,0.0466495595778025,0.968874313253663,Crop Protection has a credibly positive association with Shiraz yield in Olifants River
Olifants River,Shiraz,fixed_improvements,Fixed Improvements,Fixed repairs,13,2013,2025,0.355855875199747,0.356731111327419,0.00209956970036562,0.711496307928671,Fixed Improvements has a credibly positive association with Shiraz yield in Olifants River
Olifants River,Shiraz,moveable_assets_or_production_means,Moveable Assets Or Production Means,Fixed repairs,13,2013,2025,0.408815163690239,0.408232015066883,0.0490321640209771,0.770510650383812,Moveable Assets Or Production Means has a credibly positive association with Shiraz yield in Olifants River
Olifants River,Shiraz,permanent_labour,Permanent Labour,Permanent Labour,13,2013,2025,0.419751301134883,0.420731906679978,0.0617584578031099,0.768323762667425,Permanent Labour has a credibly positive association with Shiraz yield in Olifants River
Olifants River,Shiraz,water_costs,Water Costs,Irrigation,13,2013,2025,0.668494926108568,0.666053664482604,0.211831142510123,1.12259601926335,Water Costs has a credibly positive association with Shiraz yield in Olifants River
Robertson,Shiraz,seasonal_labour_contract_work,Seasonal Labour & Contract Work,Seasonal Labour,13,2013,2025,0.388553183374213,0.389817219562439,0.0179871900916349,0.750424282195183,Seasonal Labour & Contract Work has a credibly positive association with Shiraz yield in Robertson
Stellenbosch,Shiraz,electricity,Electricity,Electricity,13,2013,2025,-0.570215188465001,-0.572089498208073,-1.09262542527881,-0.0539749131715335,Electricity has a credibly negative association with Shiraz yield in Stellenbosch
Stellenbosch,Shiraz,herbicide_control,Herbicide Control,Herbacide Cost,11,2013,2025,0.513484415001606,0.512755253748722,0.0221915589014626,1.01037191446985,Herbicide Control has a credibly positive association with Shiraz yield in Stellenbosch
Stellenbosch,Shiraz,hired_transport,Hired Transport,Transport Rental,13,2013,2025,0.724299004408517,0.725126008332051,0.213680004919716,1.23106698925429,Hired Transport has a credibly positive association with Shiraz yield in Stellenbosch
Stellenbosch,Shiraz,seasonal_labour_contract_work,Seasonal Labour & Contract Work,Seasonal Labour,13,2013,2025,0.495108723167942,0.493823213351976,0.135269926258316,0.860581256218636,Seasonal Labour & Contract Work has a credibly positive association with Shiraz yield in Stellenbosch
Swartland,Shiraz,fertilizer,Fertilizer,Fertilization Cost,13,2013,2025,0.528619948458312,0.532207108710836,0.066916985236725,0.983772998167499,Fertilizer has a credibly positive association with Shiraz yield in Swartland
Swartland,Shiraz,fixed_improvements,Fixed Improvements,Fixed repairs,13,2013,2025,0.463117401409977,0.461819770668215,0.107733301387745,0.822740446437641,Fixed Improvements has a credibly positive association with Shiraz yield in Swartland
Swartland,Shiraz,fuel,Fuel,Fuel,13,2013,2025,0.276862447301501,0.277788260655536,0.0274445404549662,0.520111850755749,Fuel has a credibly positive association with Shiraz yield in Swartland
Swartland,Shiraz,moveable_assets_or_production_means,Moveable Assets Or Production Means,Fixed repairs,13,2013,2025,0.468688205498436,0.471652453442071,0.109209352116574,0.828480600881407,Moveable Assets Or Production Means has a credibly positive association with Shiraz yield in Swartland
Swartland,Shiraz,permanent_labour,Permanent Labour,Permanent Labour,13,2013,2025,0.371867848699984,0.37269181382801,0.012684478151292,0.733588494435055,Permanent Labour has a credibly positive association with Shiraz yield in Swartland
Swartland,Shiraz,seasonal_labour_contract_work,Seasonal Labour & Contract Work,Seasonal Labour,13,2013,2025,0.498835566743454,0.498290084412677,0.137126663640116,0.855983260665631,Seasonal Labour & Contract Work has a credibly positive association with Shiraz yield in Swartland
Swartland,Shiraz,seed,Seed,Intermediate Goods,13,2013,2025,0.654328795296243,0.652574121179559,0.144581641777993,1.17383602285026,Seed has a credibly positive association with Shiraz yield in Swartland
