area,target_cost_key,target_cost_label,target_prior_category,predictor_cost_key,predictor_cost_label,predictor_prior_category,n_obs,start_year,end_year,posterior_mean,posterior_median,ci_2_5,ci_97_5,interpretation
Cape South Coast,repair_binding_material,Repair & Binding Material,Vineyard Repair,organic_material,Organic Material,Organic fertilizer cost,6,2013,2018,0.288293001131458,0.287935691079677,0.0988982032123902,0.483255806074499,Likely positive association
Cape South Coast,administration,Administration,Management,vineyards,Vineyards,Vineyard Repair,13,2013,2025,-0.574807838592214,-0.576964010140644,-1.042539449145,-0.102331720122325,Likely negative association
Cape South Coast,vineyards,Vineyards,Vineyard Repair,administration,Administration,Management,13,2013,2025,-0.450902945089897,-0.448888908258487,-0.826123781563631,-0.0722106432570547,Likely negative association
Robertson,repair_parts_maintenance,"Repair, Parts & Maintenance",Repairs,organic_material,Organic Material,Organic fertilizer cost,8,2013,2020,0.274664627495893,0.275175231873133,0.0875042097496858,0.460787574847625,Likely positive association
Cape South Coast,fixed_improvements,Fixed Improvements,Fixed repairs,supervision,Supervision,Management,13,2013,2025,-0.42863673499662,-0.430953532682098,-0.803806536491744,-0.0512580218903958,Likely negative association
Cape South Coast,supervision,Supervision,Management,fixed_improvements,Fixed Improvements,Fixed repairs,13,2013,2025,-0.535505858647957,-0.538667745224263,-0.992439740493707,-0.0679433881405612,Likely negative association
Breedekloof,repair_parts_maintenance,"Repair, Parts & Maintenance",Repairs,organic_material,Organic Material,Organic fertilizer cost,8,2013,2020,0.286477373296338,0.287876522984434,0.0989203593999131,0.475894814604575,Likely positive association
Cape South Coast,repairs_and_maintenance,Repairs And Maintenance,Repairs,organic_material,Organic Material,Organic fertilizer cost,6,2013,2018,0.30442783382164,0.304758789133796,0.113326657429836,0.492351224017685,Likely positive association
Swartland,repairs_and_maintenance,Repairs And Maintenance,Repairs,organic_material,Organic Material,Organic fertilizer cost,8,2013,2020,0.294363057384863,0.294402447015295,0.103368326732893,0.484028697198101,Likely positive association
Robertson,moveable_assets_or_production_means,Moveable Assets Or Production Means,Fixed repairs,organic_material,Organic Material,Organic fertilizer cost,8,2013,2020,0.294522983499024,0.293216924635988,0.108894044546304,0.484113793939167,Likely positive association
Paarl,repairs_and_maintenance,Repairs And Maintenance,Repairs,organic_material,Organic Material,Organic fertilizer cost,8,2013,2020,0.295859720479049,0.296532405929936,0.104598483662507,0.484812933656649,Likely positive association
Cape South Coast,permanent_labour,Permanent Labour,Permanent Labour,organic_material,Organic Material,Organic fertilizer cost,6,2013,2018,0.268704589130636,0.268330559621218,0.01451832657191,0.529750389880254,Likely positive association
Worcester,repair_binding_material,Repair & Binding Material,Vineyard Repair,organic_material,Organic Material,Organic fertilizer cost,8,2013,2020,0.301534467459988,0.301891938276404,0.113680522022414,0.486160150872579,Likely positive association
Cape South Coast,vineyards,Vineyards,Vineyard Repair,organic_material,Organic Material,Organic fertilizer cost,6,2013,2018,0.3179108360704,0.317965227751815,0.128420359108175,0.508821693452986,Likely positive association
Stellenbosch,repairs_and_maintenance,Repairs And Maintenance,Repairs,organic_material,Organic Material,Organic fertilizer cost,8,2013,2020,0.306446176662526,0.307195273417112,0.118594629486745,0.492387154881965,Likely positive association
Klein Karoo,repair_binding_material,Repair & Binding Material,Vineyard Repair,organic_material,Organic Material,Organic fertilizer cost,8,2013,2020,0.305808969466377,0.304663871364421,0.119208644374096,0.499096618781792,Likely positive association
Stellenbosch,permanent_labour,Permanent Labour,Permanent Labour,organic_material,Organic Material,Organic fertilizer cost,8,2013,2020,0.264105156336718,0.265029539025688,0.00786370453407429,0.517999852546796,Likely positive association
Breedekloof,supervision,Supervision,Management,organic_material,Organic Material,Organic fertilizer cost,8,2013,2020,0.26565414427798,0.264663755117654,0.00547675115523327,0.520847561838767,Likely positive association
Northern Cape,repair_binding_material,Repair & Binding Material,Vineyard Repair,organic_material,Organic Material,Organic fertilizer cost,8,2013,2020,0.307992676937319,0.307929206731269,0.121155304169447,0.492174000200881,Likely positive association
Klein Karoo,vineyards,Vineyards,Vineyard Repair,organic_material,Organic Material,Organic fertilizer cost,8,2013,2020,0.310748667058108,0.310711786134096,0.126177271262399,0.492869471788247,Likely positive association
Stellenbosch,administration,Administration,Management,organic_material,Organic Material,Organic fertilizer cost,8,2013,2020,0.271126207809697,0.270659438419115,0.0126228680176959,0.524193351734543,Likely positive association
Olifants River,fixed_improvements,Fixed Improvements,Fixed repairs,organic_material,Organic Material,Organic fertilizer cost,8,2013,2020,0.313971486307472,0.314671895342568,0.124764506025917,0.502596079854314,Likely positive association
Worcester,repairs_and_maintenance,Repairs And Maintenance,Repairs,organic_material,Organic Material,Organic fertilizer cost,8,2013,2020,0.313423038413044,0.31367966864427,0.120810627112542,0.507364578487273,Likely positive association
Swartland,vineyards,Vineyards,Vineyard Repair,organic_material,Organic Material,Organic fertilizer cost,8,2013,2020,0.315186517136985,0.315028413322044,0.1278858990129,0.508132866383037,Likely positive association
Klein Karoo,repairs_and_maintenance,Repairs And Maintenance,Repairs,organic_material,Organic Material,Organic fertilizer cost,8,2013,2020,0.315716174400288,0.315695473953928,0.126082931030866,0.506029716850016,Likely positive association
Robertson,permanent_labour,Permanent Labour,Permanent Labour,organic_material,Organic Material,Organic fertilizer cost,8,2013,2020,0.275892252377847,0.274954397965487,0.0201256972428308,0.53018841352884,Likely positive association
Olifants River,seasonal_labour_contract_work,Seasonal Labour & Contract Work,Seasonal Labour,organic_material,Organic Material,Organic fertilizer cost,8,2013,2020,0.276081416558919,0.275915294014148,0.0197805171977572,0.529574384849014,Likely positive association
Worcester,seasonal_labour_contract_work,Seasonal Labour & Contract Work,Seasonal Labour,organic_material,Organic Material,Organic fertilizer cost,8,2013,2020,0.278141220027812,0.279374118499696,0.0218725309284664,0.526957374722492,Likely positive association
Paarl,fixed_improvements,Fixed Improvements,Fixed repairs,organic_material,Organic Material,Organic fertilizer cost,8,2013,2020,0.316355161352081,0.316709640342708,0.127331110982101,0.504033310756956,Likely positive association
Swartland,permanent_labour,Permanent Labour,Permanent Labour,organic_material,Organic Material,Organic fertilizer cost,8,2013,2020,0.278276093900121,0.279204319402539,0.0232537953814734,0.539817694162245,Likely positive association
Olifants River,permanent_labour,Permanent Labour,Permanent Labour,organic_material,Organic Material,Organic fertilizer cost,8,2013,2020,0.280872058407414,0.281012943368954,0.0189168970725894,0.540740209458532,Likely positive association
Breedekloof,permanent_labour,Permanent Labour,Permanent Labour,organic_material,Organic Material,Organic fertilizer cost,8,2013,2020,0.282171465883146,0.282698436255419,0.0273132641536169,0.540374644608805,Likely positive association
Robertson,seasonal_labour_contract_work,Seasonal Labour & Contract Work,Seasonal Labour,organic_material,Organic Material,Organic fertilizer cost,8,2013,2020,0.286923589257817,0.288356082693726,0.0263651064193977,0.541196324270425,Likely positive association
Northern Cape,repairs_and_maintenance,Repairs And Maintenance,Repairs,organic_material,Organic Material,Organic fertilizer cost,8,2013,2020,0.320041440596068,0.320198212798426,0.130326937105224,0.50526686685512,Likely positive association
Northern Cape,moveable_assets_or_production_means,Moveable Assets Or Production Means,Fixed repairs,organic_material,Organic Material,Organic fertilizer cost,8,2013,2020,0.321220234216504,0.320616621967677,0.133592987524051,0.507403313713013,Likely positive association
Klein Karoo,moveable_assets_or_production_means,Moveable Assets Or Production Means,Fixed repairs,organic_material,Organic Material,Organic fertilizer cost,8,2013,2020,0.320951038092908,0.319943824931457,0.132968033008147,0.514166402768131,Likely positive association
Klein Karoo,fixed_improvements,Fixed Improvements,Fixed repairs,organic_material,Organic Material,Organic fertilizer cost,8,2013,2020,0.323236395607159,0.322799161061721,0.135863409357548,0.513348933392213,Likely positive association
Klein Karoo,permanent_labour,Permanent Labour,Permanent Labour,organic_material,Organic Material,Organic fertilizer cost,8,2013,2020,0.290524779342368,0.292139159231376,0.0297385780546361,0.544502125890256,Likely positive association
Worcester,fuel,Fuel,Fuel,moveable_assets_or_production_means,Moveable Assets Or Production Means,Fixed repairs,13,2013,2025,0.298553721292057,0.300222488904812,0.00287450472006954,0.592524737554546,Likely positive association
Swartland,fuel,Fuel,Fuel,repair_parts_maintenance,"Repair, Parts & Maintenance",Repairs,13,2013,2025,0.304871095985358,0.304855967776249,0.0108571535419512,0.601262948659324,Likely positive association
Breedekloof,moveable_assets_or_production_means,Moveable Assets Or Production Means,Fixed repairs,organic_material,Organic Material,Organic fertilizer cost,8,2013,2020,0.323243402842897,0.322865743371517,0.132307338127023,0.513896666545714,Likely positive association
Worcester,fixed_improvements,Fixed Improvements,Fixed repairs,organic_material,Organic Material,Organic fertilizer cost,8,2013,2020,0.326274910172353,0.325907734819229,0.138360200480781,0.517456057905048,Likely positive association
Worcester,repair_parts_maintenance,"Repair, Parts & Maintenance",Repairs,organic_material,Organic Material,Organic fertilizer cost,8,2013,2020,0.325496819726535,0.325358453143116,0.138563167020102,0.514022421537351,Likely positive association
Paarl,repair_parts_maintenance,"Repair, Parts & Maintenance",Repairs,organic_material,Organic Material,Organic fertilizer cost,8,2013,2020,0.322879707690583,0.323620884384709,0.131208358963807,0.511156039741306,Likely positive association
Olifants River,fuel,Fuel,Fuel,fixed_improvements,Fixed Improvements,Fixed repairs,13,2013,2025,0.304638281725626,0.303787721625196,0.0125414119404617,0.599024393677825,Likely positive association
Klein Karoo,fuel,Fuel,Fuel,repairs_and_maintenance,Repairs And Maintenance,Repairs,13,2013,2025,0.307272611510139,0.306623733136206,0.0151940477112102,0.604844246567431,Likely positive association
Cape South Coast,fuel,Fuel,Fuel,vineyards,Vineyards,Vineyard Repair,13,2013,2025,0.311571783747454,0.311654514268577,0.0208348964641702,0.601315596266658,Likely positive association
Paarl,fuel,Fuel,Fuel,repair_binding_material,Repair & Binding Material,Vineyard Repair,13,2013,2025,0.309861012632909,0.309364723506627,0.0128915368043971,0.609841376827158,Likely positive association
Paarl,permanent_labour,Permanent Labour,Permanent Labour,organic_material,Organic Material,Organic fertilizer cost,8,2013,2020,0.298017956812411,0.29663925446736,0.0435600128962281,0.552450748206459,Likely positive association
Robertson,administration,Administration,Management,organic_material,Organic Material,Organic fertilizer cost,8,2013,2020,0.298796507925178,0.29827609496857,0.0377807577900135,0.557859279445074,Likely positive association
Klein Karoo,fuel,Fuel,Fuel,moveable_assets_or_production_means,Moveable Assets Or Production Means,Fixed repairs,13,2013,2025,0.316684790131487,0.317344814436308,0.0261643103702325,0.605066816138957,Likely positive association
Northern Cape,fixed_improvements,Fixed Improvements,Fixed repairs,organic_material,Organic Material,Organic fertilizer cost,8,2013,2020,0.327949733510421,0.327608470898707,0.142485367170126,0.517198800965467,Likely positive association
Paarl,fuel,Fuel,Fuel,fixed_improvements,Fixed Improvements,Fixed repairs,13,2013,2025,0.322778106153259,0.324671367751545,0.0270289128492747,0.6176303260263,Likely positive association
Olifants River,repair_binding_material,Repair & Binding Material,Vineyard Repair,organic_material,Organic Material,Organic fertilizer cost,8,2013,2020,0.330369352956329,0.330550854784631,0.139779016730036,0.516845656739375,Likely positive association
Swartland,administration,Administration,Management,organic_material,Organic Material,Organic fertilizer cost,8,2013,2020,0.304185708604934,0.304236488400848,0.0500881780941924,0.555807009577777,Likely positive association
Stellenbosch,repair_parts_maintenance,"Repair, Parts & Maintenance",Repairs,organic_material,Organic Material,Organic fertilizer cost,8,2013,2020,0.331432458401826,0.331744045242106,0.141393907563486,0.521810647526718,Likely positive association
Northern Cape,supervision,Supervision,Management,organic_material,Organic Material,Organic fertilizer cost,8,2013,2020,0.307661907965848,0.307907805120638,0.052630619146059,0.569013401104501,Likely positive association
Northern Cape,seasonal_labour_contract_work,Seasonal Labour & Contract Work,Seasonal Labour,organic_material,Organic Material,Organic fertilizer cost,8,2013,2020,0.305581646792391,0.305746565306968,0.0505466031365178,0.564539834183315,Likely positive association
Worcester,permanent_labour,Permanent Labour,Permanent Labour,organic_material,Organic Material,Organic fertilizer cost,8,2013,2020,0.308476128333693,0.30741940348318,0.051336174070145,0.569785830007248,Likely positive association
Breedekloof,fuel,Fuel,Fuel,repair_parts_maintenance,"Repair, Parts & Maintenance",Repairs,13,2013,2025,0.339808518984878,0.343026775742754,0.040389193763143,0.631395992325163,Likely positive association
Robertson,fuel,Fuel,Fuel,repairs_and_maintenance,Repairs And Maintenance,Repairs,13,2013,2025,0.341186458048462,0.342326690466754,0.0436184029376705,0.644295072265026,Likely positive association
Swartland,fuel,Fuel,Fuel,vineyards,Vineyards,Vineyard Repair,13,2013,2025,0.339208730566451,0.338750431995001,0.0366450559335541,0.63486675215217,Likely positive association
Worcester,fuel,Fuel,Fuel,fixed_improvements,Fixed Improvements,Fixed repairs,13,2013,2025,0.341229695587442,0.342493955845809,0.0461012639019929,0.638937258190561,Likely positive association
Robertson,supervision,Supervision,Management,organic_material,Organic Material,Organic fertilizer cost,8,2013,2020,0.3140695840517,0.314978917492905,0.0570846380917888,0.569225183158066,Likely positive association
Stellenbosch,seasonal_labour_contract_work,Seasonal Labour & Contract Work,Seasonal Labour,organic_material,Organic Material,Organic fertilizer cost,8,2013,2020,0.312368223863455,0.312400279600359,0.0575414335996485,0.562582718421876,Likely positive association
Olifants River,vineyards,Vineyards,Vineyard Repair,organic_material,Organic Material,Organic fertilizer cost,8,2013,2020,0.333903506242942,0.335250849940432,0.142857408220786,0.523956249916033,Likely positive association
Olifants River,fuel,Fuel,Fuel,vineyards,Vineyards,Vineyard Repair,13,2013,2025,0.347197911084863,0.347791339688382,0.0564137223374037,0.645959340620635,Likely positive association
Olifants River,repair_parts_maintenance,"Repair, Parts & Maintenance",Repairs,organic_material,Organic Material,Organic fertilizer cost,8,2013,2020,0.338391841104616,0.338596853830446,0.149276581051716,0.528737255887438,Likely positive association
Worcester,moveable_assets_or_production_means,Moveable Assets Or Production Means,Fixed repairs,organic_material,Organic Material,Organic fertilizer cost,8,2013,2020,0.337103145238063,0.336480516343506,0.149068160640501,0.526403659429879,Likely positive association
Worcester,fuel,Fuel,Fuel,vineyards,Vineyards,Vineyard Repair,13,2013,2025,0.363789549354344,0.364223410668309,0.0753791965701182,0.648583523640648,Likely positive association
Olifants River,repairs_and_maintenance,Repairs And Maintenance,Repairs,organic_material,Organic Material,Organic fertilizer cost,8,2013,2020,0.338440076507195,0.338225769750711,0.151195471282549,0.52576634582827,Likely positive association
Paarl,fuel,Fuel,Fuel,repairs_and_maintenance,Repairs And Maintenance,Repairs,13,2013,2025,0.363099143594923,0.363589877399065,0.0634288622315608,0.664064138933643,Likely positive association
Cape South Coast,administration,Administration,Management,organic_material,Organic Material,Organic fertilizer cost,6,2013,2018,0.329575696881637,0.329061106489705,0.0711773859919422,0.586985316926766,Likely positive association
Northern Cape,repair_parts_maintenance,"Repair, Parts & Maintenance",Repairs,organic_material,Organic Material,Organic fertilizer cost,8,2013,2020,0.340600645698673,0.340981188986145,0.154914817208596,0.527222839980933,Likely positive association
Olifants River,administration,Administration,Management,organic_material,Organic Material,Organic fertilizer cost,8,2013,2020,0.32634727442319,0.328326492871305,0.0709988937437517,0.58265205342097,Likely positive association
Worcester,administration,Administration,Management,organic_material,Organic Material,Organic fertilizer cost,8,2013,2020,0.325631105703082,0.324365612383327,0.0750518807761,0.581792200291802,Likely positive association
Stellenbosch,moveable_assets_or_production_means,Moveable Assets Or Production Means,Fixed repairs,organic_material,Organic Material,Organic fertilizer cost,8,2013,2020,0.342513453762533,0.341818884701333,0.155276405315796,0.534484043073283,Likely positive association
Paarl,repair_binding_material,Repair & Binding Material,Vineyard Repair,organic_material,Organic Material,Organic fertilizer cost,8,2013,2020,0.340748241801298,0.340868809061102,0.149197340444531,0.530319674906306,Likely positive association
Olifants River,fuel,Fuel,Fuel,repair_binding_material,Repair & Binding Material,Vineyard Repair,13,2013,2025,0.377799289619786,0.377029077010569,0.0812512805808766,0.672813857421132,Likely positive association
Swartland,supervision,Supervision,Management,organic_material,Organic Material,Organic fertilizer cost,8,2013,2020,0.337037972011765,0.335462030909579,0.0805990941887712,0.596410421841598,Likely positive association
Klein Karoo,fuel,Fuel,Fuel,repair_parts_maintenance,"Repair, Parts & Maintenance",Repairs,13,2013,2025,0.395558375870724,0.395482390503216,0.100558329645869,0.696855458662421,Likely positive association
Swartland,repair_parts_maintenance,"Repair, Parts & Maintenance",Repairs,organic_material,Organic Material,Organic fertilizer cost,8,2013,2020,0.347148962343191,0.345587753919151,0.160169186652213,0.536442405868999,Likely positive association
Stellenbosch,fuel,Fuel,Fuel,moveable_assets_or_production_means,Moveable Assets Or Production Means,Fixed repairs,13,2013,2025,0.394999133735733,0.395240640166237,0.0980785577425476,0.69351662608603,Likely positive association
Klein Karoo,fuel,Fuel,Fuel,fixed_improvements,Fixed Improvements,Fixed repairs,13,2013,2025,0.3971568607295,0.396570873042327,0.102393537961753,0.694184854228687,Likely positive association
Klein Karoo,repair_parts_maintenance,"Repair, Parts & Maintenance",Repairs,organic_material,Organic Material,Organic fertilizer cost,8,2013,2020,0.347414032473392,0.346947423566322,0.156148936194893,0.537890719272257,Likely positive association
Worcester,vineyards,Vineyards,Vineyard Repair,organic_material,Organic Material,Organic fertilizer cost,8,2013,2020,0.348579416024311,0.348097864810294,0.15869233872119,0.538574903641855,Likely positive association
Robertson,fuel,Fuel,Fuel,vineyards,Vineyards,Vineyard Repair,13,2013,2025,0.398263033753451,0.398773795908125,0.102374374358819,0.697860136703954,Likely positive association
Robertson,fuel,Fuel,Fuel,fixed_improvements,Fixed Improvements,Fixed repairs,13,2013,2025,0.3968244440628,0.395447833578412,0.0992486095546319,0.690915547775901,Likely positive association
Northern Cape,fuel,Fuel,Fuel,repair_parts_maintenance,"Repair, Parts & Maintenance",Repairs,13,2013,2025,0.397943607933911,0.39740122199896,0.10950078507007,0.700369793930102,Likely positive association
Robertson,fuel,Fuel,Fuel,moveable_assets_or_production_means,Moveable Assets Or Production Means,Fixed repairs,13,2013,2025,0.398541183149369,0.39709490525106,0.109886171923868,0.688901072187733,Likely positive association
Paarl,seasonal_labour_contract_work,Seasonal Labour & Contract Work,Seasonal Labour,organic_material,Organic Material,Organic fertilizer cost,8,2013,2020,0.339348178784935,0.341446721622384,0.0797504432807222,0.596216568948025,Likely positive association
Cape South Coast,fuel,Fuel,Fuel,repairs_and_maintenance,Repairs And Maintenance,Repairs,13,2013,2025,0.399472980355762,0.400924176409545,0.102844986040937,0.695830431461183,Likely positive association
Northern Cape,fuel,Fuel,Fuel,vineyards,Vineyards,Vineyard Repair,13,2013,2025,0.4017999578737,0.402214265026925,0.115091619135613,0.697097569819093,Likely positive association
Klein Karoo,administration,Administration,Management,organic_material,Organic Material,Organic fertilizer cost,8,2013,2020,0.341800434989614,0.343082397950896,0.0854658792639127,0.597440530386295,Likely positive association
Olifants River,supervision,Supervision,Management,organic_material,Organic Material,Organic fertilizer cost,8,2013,2020,0.345172424522599,0.345116803517526,0.0797523794832849,0.606147945781687,Likely positive association
Olifants River,fuel,Fuel,Fuel,repair_parts_maintenance,"Repair, Parts & Maintenance",Repairs,13,2013,2025,0.407355304914907,0.409356622120784,0.114488851437639,0.698488677749766,Likely positive association
Northern Cape,fuel,Fuel,Fuel,fixed_improvements,Fixed Improvements,Fixed repairs,13,2013,2025,0.411327595191028,0.409978833370047,0.118556124747441,0.708012180115612,Likely positive association
Paarl,administration,Administration,Management,organic_material,Organic Material,Organic fertilizer cost,8,2013,2020,0.347117657611869,0.347754874355397,0.0890705919999482,0.605220785528349,Likely positive association
Swartland,repair_binding_material,Repair & Binding Material,Vineyard Repair,organic_material,Organic Material,Organic fertilizer cost,8,2013,2020,0.351100859823992,0.351320850296073,0.162315401313621,0.543533909889244,Likely positive association
Olifants River,moveable_assets_or_production_means,Moveable Assets Or Production Means,Fixed repairs,organic_material,Organic Material,Organic fertilizer cost,8,2013,2020,0.351698750976418,0.351786978602629,0.164356797712033,0.541893574686263,Likely positive association
Swartland,fuel,Fuel,Fuel,moveable_assets_or_production_means,Moveable Assets Or Production Means,Fixed repairs,13,2013,2025,0.422999596917007,0.424247028212186,0.129161252230279,0.725003609665917,Likely positive association
Swartland,fuel,Fuel,Fuel,fixed_improvements,Fixed Improvements,Fixed repairs,13,2013,2025,0.423304585949539,0.423698131208067,0.133802088657903,0.71066511322496,Likely positive association
Northern Cape,vineyards,Vineyards,Vineyard Repair,organic_material,Organic Material,Organic fertilizer cost,8,2013,2020,0.355135287655049,0.355368023409852,0.165941952029834,0.546905216262557,Likely positive association
Stellenbosch,supervision,Supervision,Management,organic_material,Organic Material,Organic fertilizer cost,8,2013,2020,0.355474480578707,0.354990340782994,0.10152787284331,0.608394070476796,Likely positive association
Paarl,fuel,Fuel,Fuel,vineyards,Vineyards,Vineyard Repair,13,2013,2025,0.430461078403871,0.428748430301686,0.134393776166958,0.732016281074879,Likely positive association
Paarl,fuel,Fuel,Fuel,moveable_assets_or_production_means,Moveable Assets Or Production Means,Fixed repairs,13,2013,2025,0.428612488608817,0.429056671960979,0.134589930954828,0.721073668833572,Likely positive association
Stellenbosch,administration,Administration,Management,water_costs,Water Costs,Irrigation,13,2013,2025,0.344957817726497,0.343710477013534,0.00410001562581707,0.684821336847686,Likely positive association
Paarl,vineyards,Vineyards,Vineyard Repair,organic_material,Organic Material,Organic fertilizer cost,8,2013,2020,0.357167546883278,0.357101501740871,0.171678831139679,0.548158299962224,Likely positive association
Breedekloof,repair_binding_material,Repair & Binding Material,Vineyard Repair,organic_material,Organic Material,Organic fertilizer cost,8,2013,2020,0.360123221952351,0.360076723081556,0.174516310418328,0.551394431371481,Likely positive association
Swartland,fuel,Fuel,Fuel,repair_binding_material,Repair & Binding Material,Vineyard Repair,13,2013,2025,0.439655588986999,0.439093783205517,0.143145124250861,0.735386557061614,Likely positive association
Olifants River,supervision,Supervision,Management,water_costs,Water Costs,Irrigation,13,2013,2025,0.358323126732005,0.358786334417019,0.0194229459848557,0.691742389004419,Likely positive association
Stellenbosch,fuel,Fuel,Fuel,repair_parts_maintenance,"Repair, Parts & Maintenance",Repairs,13,2013,2025,0.443531010071036,0.444318816676826,0.142991874131291,0.741382149011117,Likely positive association
Worcester,fuel,Fuel,Fuel,repair_parts_maintenance,"Repair, Parts & Maintenance",Repairs,13,2013,2025,0.446496466419707,0.445514896383936,0.15182165395243,0.744244589320149,Likely positive association
Paarl,fuel,Fuel,Fuel,organic_material,Organic Material,Organic fertilizer cost,8,2013,2020,0.458975527731821,0.459530388464658,0.00309130175226726,0.911915546843709,Likely positive association
Paarl,administration,Administration,Management,crop_protection,Crop Protection,Pestacide cost,13,2013,2025,0.368780327028916,0.369086672535757,0.00833131142007749,0.742252079864987,Likely positive association
Stellenbosch,fuel,Fuel,Fuel,vineyards,Vineyards,Vineyard Repair,13,2013,2025,0.453444189275361,0.454004191623625,0.164413082488541,0.7450249361893,Likely positive association
Robertson,seasonal_labour_contract_work,Seasonal Labour & Contract Work,Seasonal Labour,water_costs,Water Costs,Irrigation,13,2013,2025,0.369737754642592,0.370948261749415,0.0304344744273368,0.699811503262788,Likely positive association
Cape South Coast,administration,Administration,Management,water_costs,Water Costs,Irrigation,13,2013,2025,0.375688526201559,0.377656011547966,0.0351706333459205,0.711407880767915,Likely positive association
Robertson,repair_binding_material,Repair & Binding Material,Vineyard Repair,organic_material,Organic Material,Organic fertilizer cost,8,2013,2020,0.363564765062621,0.363822351035654,0.176695859916479,0.552673537425073,Likely positive association
Klein Karoo,seasonal_labour_contract_work,Seasonal Labour & Contract Work,Seasonal Labour,water_costs,Water Costs,Irrigation,13,2013,2025,0.382705543259378,0.38331224352434,0.0467501627742355,0.724283048901298,Likely positive association
Swartland,seasonal_labour_contract_work,Seasonal Labour & Contract Work,Seasonal Labour,organic_material,Organic Material,Organic fertilizer cost,8,2013,2020,0.369646143876275,0.370293314060436,0.108764317630637,0.627430676710099,Likely positive association
Olifants River,permanent_labour,Permanent Labour,Permanent Labour,fertilizer,Fertilizer,Fertilization Cost,13,2013,2025,0.247162594396357,0.246320848283075,0.00145468611101362,0.494680113300055,Likely positive association
Klein Karoo,fuel,Fuel,Fuel,vineyards,Vineyards,Vineyard Repair,13,2013,2025,0.466808427346072,0.465604928931656,0.166575951206365,0.756113923780308,Likely positive association
Northern Cape,repair_parts_maintenance,"Repair, Parts & Maintenance",Repairs,water_costs,Water Costs,Irrigation,13,2013,2025,0.436956745144064,0.438012741884977,0.0104300774008224,0.876912576627876,Likely positive association
Olifants River,permanent_labour,Permanent Labour,Permanent Labour,water_costs,Water Costs,Irrigation,13,2013,2025,0.388345317098724,0.387727435057665,0.049908919021508,0.724729418112046,Likely positive association
Robertson,permanent_labour,Permanent Labour,Permanent Labour,herbicide_control,Herbicide Control,Herbacide Cost,11,2013,2025,0.390531989807695,0.390408463464392,0.00605335521257312,0.779197251475418,Likely positive association
Breedekloof,fuel,Fuel,Fuel,herbicide_control,Herbicide Control,Herbacide Cost,11,2013,2025,0.473938376066606,0.472562187738826,0.0353959828611609,0.909971830096086,Likely positive association
Cape South Coast,fuel,Fuel,Fuel,repair_parts_maintenance,"Repair, Parts & Maintenance",Repairs,13,2013,2025,0.466155025168804,0.465811906620662,0.176162613180488,0.758301992741358,Likely positive association
Klein Karoo,permanent_labour,Permanent Labour,Permanent Labour,crop_protection,Crop Protection,Pestacide cost,13,2013,2025,0.396111262188015,0.393763978703181,0.0233613735276832,0.765725714479272,Likely positive association
Worcester,repair_binding_material,Repair & Binding Material,Vineyard Repair,water_costs,Water Costs,Irrigation,13,2013,2025,0.441123485227889,0.439343458491545,0.00962827443167259,0.871392841265016,Likely positive association
Worcester,water_costs,Water Costs,Irrigation,repair_binding_material,Repair & Binding Material,Vineyard Repair,13,2013,2025,0.434534458451674,0.435216802813222,0.00804359092355199,0.854184101717236,Likely positive association
Breedekloof,vineyards,Vineyards,Vineyard Repair,organic_material,Organic Material,Organic fertilizer cost,8,2013,2020,0.365175534660323,0.365262750186532,0.177222614560228,0.556112201749028,Likely positive association
Northern Cape,seasonal_labour_contract_work,Seasonal Labour & Contract Work,Seasonal Labour,water_costs,Water Costs,Irrigation,13,2013,2025,0.390141217114538,0.39011775380313,0.0555192597211839,0.725476330680648,Likely positive association
Northern Cape,supervision,Supervision,Management,water_costs,Water Costs,Irrigation,13,2013,2025,0.391202852471353,0.392418397730536,0.0595249038823809,0.729383263173777,Likely positive association
Swartland,supervision,Supervision,Management,crop_protection,Crop Protection,Pestacide cost,13,2013,2025,0.399558283924129,0.397211682401491,0.0287766705806719,0.772070654233302,Likely positive association
Robertson,organic_material,Organic Material,Organic fertilizer cost,water_costs,Water Costs,Irrigation,8,2013,2020,0.415213836298469,0.414736687137166,0.0161924568021431,0.81421613217269,Likely positive association
Robertson,water_costs,Water Costs,Irrigation,organic_material,Organic Material,Organic fertilizer cost,8,2013,2020,0.443608383122096,0.441086735088945,0.023517927590301,0.859931734827859,Likely positive association
Breedekloof,supervision,Supervision,Management,water_costs,Water Costs,Irrigation,13,2013,2025,0.394113739909253,0.394944011485997,0.0637406588616009,0.72985924321492,Likely positive association
Klein Karoo,administration,Administration,Management,herbicide_control,Herbicide Control,Herbacide Cost,11,2013,2025,0.398183163246546,0.400598993214535,0.0122559271455506,0.780752709695446,Likely positive association
Robertson,fertilizer,Fertilizer,Fertilization Cost,water_costs,Water Costs,Irrigation,13,2013,2025,0.424768842125725,0.424701980616699,0.0620263545607625,0.783548400606034,Likely positive association
Robertson,water_costs,Water Costs,Irrigation,fertilizer,Fertilizer,Fertilization Cost,13,2013,2025,0.446470038966141,0.446930201311496,0.0820094717431775,0.808377989222813,Likely positive association
Klein Karoo,administration,Administration,Management,water_costs,Water Costs,Irrigation,13,2013,2025,0.398184040168648,0.398729390469587,0.05816859824625,0.724949780218217,Likely positive association
Olifants River,administration,Administration,Management,crop_protection,Crop Protection,Pestacide cost,13,2013,2025,0.405896052670247,0.406863196124242,0.0280765593633323,0.78615483457791,Likely positive association
Breedekloof,repairs_and_maintenance,Repairs And Maintenance,Repairs,organic_material,Organic Material,Organic fertilizer cost,8,2013,2020,0.367812353374622,0.366910054524143,0.181144122280263,0.552615210619561,Likely positive association
Klein Karoo,moveable_assets_or_production_means,Moveable Assets Or Production Means,Fixed repairs,water_costs,Water Costs,Irrigation,13,2013,2025,0.46082713975279,0.461013859841513,0.0377492935402453,0.890743923050834,Likely positive association
Klein Karoo,water_costs,Water Costs,Irrigation,moveable_assets_or_production_means,Moveable Assets Or Production Means,Fixed repairs,13,2013,2025,0.463270322758304,0.464821724818277,0.027534785466112,0.892012513128628,Likely positive association
Stellenbosch,repair_binding_material,Repair & Binding Material,Vineyard Repair,organic_material,Organic Material,Organic fertilizer cost,8,2013,2020,0.370434545110919,0.370627636893842,0.182358851299498,0.559454659419509,Likely positive association
Worcester,supervision,Supervision,Management,organic_material,Organic Material,Organic fertilizer cost,8,2013,2020,0.378587287701038,0.377903776061009,0.119948195452893,0.632267144037735,Likely positive association
Worcester,fuel,Fuel,Fuel,herbicide_control,Herbicide Control,Herbacide Cost,11,2013,2025,0.501028027675551,0.500894985606609,0.0638206836865631,0.943685942989669,Likely positive association
Swartland,vineyards,Vineyards,Vineyard Repair,water_costs,Water Costs,Irrigation,13,2013,2025,0.465416731331188,0.465456007854083,0.0484816295728128,0.888492041778684,Likely positive association
Swartland,water_costs,Water Costs,Irrigation,vineyards,Vineyards,Vineyard Repair,13,2013,2025,0.465129687260473,0.466404414234858,0.0373031196327192,0.888454664371444,Likely positive association
Stellenbosch,repair_binding_material,Repair & Binding Material,Vineyard Repair,water_costs,Water Costs,Irrigation,13,2013,2025,0.471578482218437,0.471940903412161,0.0423001513514638,0.905268779816688,Likely positive association
Stellenbosch,water_costs,Water Costs,Irrigation,repair_binding_material,Repair & Binding Material,Vineyard Repair,13,2013,2025,0.469491032620467,0.4688273814503,0.0397965490656337,0.893590881920507,Likely positive association
Northern Cape,crop_protection,Crop Protection,Pestacide cost,moveable_assets_or_production_means,Moveable Assets Or Production Means,Fixed repairs,13,2013,2025,0.474809458579143,0.476090836591609,0.0369892351627416,0.917978174798322,Likely positive association
Northern Cape,moveable_assets_or_production_means,Moveable Assets Or Production Means,Fixed repairs,crop_protection,Crop Protection,Pestacide cost,13,2013,2025,0.463970877025018,0.46115653232288,0.028022121678805,0.912268350785999,Likely positive association
Northern Cape,fuel,Fuel,Fuel,repairs_and_maintenance,Repairs And Maintenance,Repairs,13,2013,2025,0.488995934408016,0.489690489201901,0.191256006315017,0.786131041192837,Likely positive association
Cape South Coast,fixed_improvements,Fixed Improvements,Fixed repairs,fuel,Fuel,Fuel,13,2013,2025,0.42646056564085,0.42395169193241,0.0302538591392158,0.833060190082113,Likely positive association
Cape South Coast,fuel,Fuel,Fuel,fixed_improvements,Fixed Improvements,Fixed repairs,13,2013,2025,0.48966774552669,0.489951174134876,0.195490753692654,0.784775373120592,Likely positive association
Breedekloof,fuel,Fuel,Fuel,organic_material,Organic Material,Organic fertilizer cost,8,2013,2020,0.514565895717915,0.518948311404157,0.0619245269172035,0.959705805482868,Likely positive association
Robertson,repairs_and_maintenance,Repairs And Maintenance,Repairs,water_costs,Water Costs,Irrigation,13,2013,2025,0.483557865248686,0.483656817581478,0.0545081073315502,0.910041153519529,Likely positive association
Robertson,water_costs,Water Costs,Irrigation,repairs_and_maintenance,Repairs And Maintenance,Repairs,13,2013,2025,0.487164851951196,0.489770814858471,0.0615269215750076,0.910995777381596,Likely positive association
Olifants River,fuel,Fuel,Fuel,moveable_assets_or_production_means,Moveable Assets Or Production Means,Fixed repairs,13,2013,2025,0.49001426475778,0.489876977012776,0.197013878818335,0.784981557730181,Likely positive association
Olifants River,moveable_assets_or_production_means,Moveable Assets Or Production Means,Fixed repairs,fuel,Fuel,Fuel,13,2013,2025,0.427989871592516,0.428047953303974,0.032797954750726,0.831534638419758,Likely positive association
Cape South Coast,crop_protection,Crop Protection,Pestacide cost,water_costs,Water Costs,Irrigation,13,2013,2025,0.313372031925858,0.312430655241056,0.0353284331000443,0.590363671568174,Likely positive association
Olifants River,crop_protection,Crop Protection,Pestacide cost,water_costs,Water Costs,Irrigation,13,2013,2025,0.316787258812338,0.315708823058284,0.0311319621755966,0.598448635070266,Likely positive association
Olifants River,vineyards,Vineyards,Vineyard Repair,water_costs,Water Costs,Irrigation,13,2013,2025,0.489756533701647,0.492516936244589,0.0536213949567243,0.922061269850767,Likely positive association
Olifants River,water_costs,Water Costs,Irrigation,vineyards,Vineyards,Vineyard Repair,13,2013,2025,0.492101143253492,0.490634897540556,0.0594010934144658,0.921114724357804,Likely positive association
Breedekloof,fuel,Fuel,Fuel,vineyards,Vineyards,Vineyard Repair,13,2013,2025,0.495662681281677,0.494076584109406,0.203400475272754,0.78673383222083,Likely positive association
Breedekloof,vineyards,Vineyards,Vineyard Repair,fuel,Fuel,Fuel,13,2013,2025,0.433266284712697,0.431287477318579,0.0319178875800407,0.837891125034456,Likely positive association
Worcester,seasonal_labour_contract_work,Seasonal Labour & Contract Work,Seasonal Labour,fertilizer,Fertilizer,Fertilization Cost,13,2013,2025,0.268523508900201,0.269040841323941,0.0197736398339261,0.513471236192207,Likely positive association
Breedekloof,fuel,Fuel,Fuel,repairs_and_maintenance,Repairs And Maintenance,Repairs,13,2013,2025,0.494859738963818,0.493437381140473,0.203295776875243,0.788438245236383,Likely positive association
Swartland,herbicide_control,Herbicide Control,Herbacide Cost,repair_binding_material,Repair & Binding Material,Vineyard Repair,11,2013,2025,0.479450312982054,0.479221278357596,0.00372789118966136,0.96134927822003,Likely positive association
Olifants River,administration,Administration,Management,water_costs,Water Costs,Irrigation,13,2013,2025,0.424274393600564,0.422772820959983,0.086794778307135,0.764655342121916,Likely positive association
Olifants River,water_costs,Water Costs,Irrigation,administration,Administration,Management,13,2013,2025,0.401165358301301,0.399392675608745,0.0250620879504048,0.782430870804395,Likely positive association
Northern Cape,administration,Administration,Management,crop_protection,Crop Protection,Pestacide cost,13,2013,2025,0.438345355210852,0.44022380561453,0.0736322461168132,0.810561291293191,Likely positive association
Northern Cape,crop_protection,Crop Protection,Pestacide cost,administration,Administration,Management,13,2013,2025,0.414379177353042,0.414886458318112,0.0164340740894858,0.811928009187448,Likely positive association
Swartland,fuel,Fuel,Fuel,herbicide_control,Herbicide Control,Herbacide Cost,11,2013,2025,0.523327970261845,0.521384989712512,0.08274047894827,0.958371728417815,Likely positive association
Breedekloof,crop_protection,Crop Protection,Pestacide cost,water_costs,Water Costs,Irrigation,13,2013,2025,0.318369395649631,0.318761920745167,0.0357273116841427,0.597725196084323,Likely positive association
Northern Cape,organic_material,Organic Material,Organic fertilizer cost,water_costs,Water Costs,Irrigation,8,2013,2020,0.441536223598032,0.438357546858882,0.0468788470337445,0.839805290265063,Likely positive association
Northern Cape,water_costs,Water Costs,Irrigation,organic_material,Organic Material,Organic fertilizer cost,8,2013,2020,0.475448567469383,0.475379496044748,0.0685843172304592,0.884029559357149,Likely positive association
Olifants River,fuel,Fuel,Fuel,organic_material,Organic Material,Organic fertilizer cost,8,2013,2020,0.529884805246783,0.530711702682558,0.0802046097733229,0.981260899006334,Likely positive association
Stellenbosch,fuel,Fuel,Fuel,organic_material,Organic Material,Organic fertilizer cost,8,2013,2020,0.534104184415021,0.53386236744963,0.0880880022977412,0.981772204718886,Likely positive association
Swartland,herbicide_control,Herbicide Control,Herbacide Cost,moveable_assets_or_production_means,Moveable Assets Or Production Means,Fixed repairs,11,2013,2025,0.494647874434615,0.494878047521934,0.0328132346027039,0.960097159065319,Likely positive association
Swartland,moveable_assets_or_production_means,Moveable Assets Or Production Means,Fixed repairs,herbicide_control,Herbicide Control,Herbacide Cost,11,2013,2025,0.479120349094667,0.477606559877419,0.00628443984408457,0.958342330042839,Likely positive association
Worcester,administration,Administration,Management,water_costs,Water Costs,Irrigation,13,2013,2025,0.433099659303049,0.430782786837608,0.0976236859523196,0.768931060936398,Likely positive association
Worcester,water_costs,Water Costs,Irrigation,administration,Administration,Management,13,2013,2025,0.409883393618142,0.409779270450737,0.0301978184544376,0.781423264719832,Likely positive association
Robertson,crop_protection,Crop Protection,Pestacide cost,repair_binding_material,Repair & Binding Material,Vineyard Repair,13,2013,2025,0.502686820149881,0.503389740612637,0.0575499040848853,0.944713633506443,Likely positive association
Robertson,repair_binding_material,Repair & Binding Material,Vineyard Repair,crop_protection,Crop Protection,Pestacide cost,13,2013,2025,0.492201424761774,0.493906139210346,0.0362741678666425,0.941957598894709,Likely positive association
Breedekloof,seasonal_labour_contract_work,Seasonal Labour & Contract Work,Seasonal Labour,organic_material,Organic Material,Organic fertilizer cost,8,2013,2020,0.38447033326626,0.3835974922525,0.128382004487267,0.638367435718754,Likely positive association
Cape South Coast,fuel,Fuel,Fuel,moveable_assets_or_production_means,Moveable Assets Or Production Means,Fixed repairs,13,2013,2025,0.502332773265223,0.503536537245347,0.207862596474488,0.795100677852758,Likely positive association
Cape South Coast,moveable_assets_or_production_means,Moveable Assets Or Production Means,Fixed repairs,fuel,Fuel,Fuel,13,2013,2025,0.448036914600897,0.44719959660322,0.0466785792680615,0.850372392470161,Likely positive association
Klein Karoo,fertilizer,Fertilizer,Fertilization Cost,water_costs,Water Costs,Irrigation,13,2013,2025,0.4678201596702,0.466997930819741,0.101061420893735,0.828974028746643,Likely positive association
Klein Karoo,water_costs,Water Costs,Irrigation,fertilizer,Fertilizer,Fertilization Cost,13,2013,2025,0.49228508951264,0.494562536552452,0.119976131985203,0.86455797249814,Likely positive association
Cape South Coast,herbicide_control,Herbicide Control,Herbacide Cost,repair_binding_material,Repair & Binding Material,Vineyard Repair,11,2013,2025,0.496805482153978,0.500770586996216,0.0209494192308278,0.963669083233486,Likely positive association
Cape South Coast,repair_binding_material,Repair & Binding Material,Vineyard Repair,herbicide_control,Herbicide Control,Herbacide Cost,11,2013,2025,0.48839317286646,0.490269786503742,0.0183027845227153,0.950386359868278,Likely positive association
Klein Karoo,fixed_improvements,Fixed Improvements,Fixed repairs,herbicide_control,Herbicide Control,Herbacide Cost,11,2013,2025,0.490134191998007,0.49154127930686,0.0314348572916364,0.955002343554447,Likely positive association
Klein Karoo,herbicide_control,Herbicide Control,Herbacide Cost,fixed_improvements,Fixed Improvements,Fixed repairs,11,2013,2025,0.501060861876139,0.502372068075015,0.019572348998104,0.974454065167408,Likely positive association
Olifants River,crop_protection,Crop Protection,Pestacide cost,fertilizer,Fertilizer,Fertilization Cost,13,2013,2025,0.47114582456905,0.472327323787792,0.00350285826182834,0.938992834021743,Likely positive association
Worcester,herbicide_control,Herbicide Control,Herbacide Cost,repairs_and_maintenance,Repairs And Maintenance,Repairs,11,2013,2025,0.50604756958802,0.504881420312931,0.0383598051764971,0.974708243132033,Likely positive association
Worcester,repairs_and_maintenance,Repairs And Maintenance,Repairs,herbicide_control,Herbicide Control,Herbacide Cost,11,2013,2025,0.492772892477786,0.492836119368936,0.0152364708090401,0.970849343242928,Likely positive association
Stellenbosch,fixed_improvements,Fixed Improvements,Fixed repairs,fuel,Fuel,Fuel,13,2013,2025,0.455970003094799,0.456259583797302,0.0535580314690841,0.85798328943423,Likely positive association
Stellenbosch,fuel,Fuel,Fuel,fixed_improvements,Fixed Improvements,Fixed repairs,13,2013,2025,0.505821286696949,0.505440098212943,0.212080145745719,0.798106171992293,Likely positive association
Northern Cape,fuel,Fuel,Fuel,moveable_assets_or_production_means,Moveable Assets Or Production Means,Fixed repairs,13,2013,2025,0.510255906233501,0.510813836589291,0.218787975817618,0.807004172279776,Likely positive association
Northern Cape,moveable_assets_or_production_means,Moveable Assets Or Production Means,Fixed repairs,fuel,Fuel,Fuel,13,2013,2025,0.464906212925821,0.461891119226069,0.064051130086958,0.866040882609689,Likely positive association
Swartland,fuel,Fuel,Fuel,administration,Administration,Management,13,2013,2025,0.482977722442801,0.487045138714248,0.0116452651119023,0.951146625396349,Likely positive association
Worcester,fuel,Fuel,Fuel,repairs_and_maintenance,Repairs And Maintenance,Repairs,13,2013,2025,0.513850512759747,0.513216603065444,0.218030552394449,0.808917248847754,Likely positive association
Worcester,repairs_and_maintenance,Repairs And Maintenance,Repairs,fuel,Fuel,Fuel,13,2013,2025,0.44723645310684,0.44560033916905,0.0295614302582785,0.864266201903823,Likely positive association
Swartland,herbicide_control,Herbicide Control,Herbacide Cost,repair_parts_maintenance,"Repair, Parts & Maintenance",Repairs,11,2013,2025,0.529195112609077,0.528362623851607,0.0525226429105839,1.00049576275404,Likely positive association
Swartland,repair_parts_maintenance,"Repair, Parts & Maintenance",Repairs,herbicide_control,Herbicide Control,Herbacide Cost,11,2013,2025,0.516292628808902,0.516596641288754,0.0495147351772351,0.993594144029662,Likely positive association
Olifants River,supervision,Supervision,Management,fixed_improvements,Fixed Improvements,Fixed repairs,13,2013,2025,0.462936222012518,0.465340103417746,0.000907407803092183,0.917587715933781,Likely positive association
Stellenbosch,crop_protection,Crop Protection,Pestacide cost,seasonal_labour_contract_work,Seasonal Labour & Contract Work,Seasonal Labour,13,2013,2025,0.454662819060168,0.453611163289627,0.0491458628841411,0.856915231490481,Likely positive association
Stellenbosch,seasonal_labour_contract_work,Seasonal Labour & Contract Work,Seasonal Labour,crop_protection,Crop Protection,Pestacide cost,13,2013,2025,0.475561444656273,0.47374859253061,0.0983635935993545,0.84655914599209,Likely positive association
Stellenbosch,vineyards,Vineyards,Vineyard Repair,organic_material,Organic Material,Organic fertilizer cost,8,2013,2020,0.377590786078371,0.378228315407484,0.193509610133682,0.564928908829106,Likely positive association
Swartland,herbicide_control,Herbicide Control,Herbacide Cost,seasonal_labour_contract_work,Seasonal Labour & Contract Work,Seasonal Labour,11,2013,2025,0.447319559053268,0.446342080416284,0.0320438798291915,0.866671820679632,Likely positive association
Swartland,seasonal_labour_contract_work,Seasonal Labour & Contract Work,Seasonal Labour,herbicide_control,Herbicide Control,Herbacide Cost,11,2013,2025,0.464947508184334,0.463542714067152,0.068806228241763,0.862636757032201,Likely positive association
Paarl,moveable_assets_or_production_means,Moveable Assets Or Production Means,Fixed repairs,organic_material,Organic Material,Organic fertilizer cost,8,2013,2020,0.377454941651079,0.377207584007277,0.186155793947275,0.567722231881772,Likely positive association
Robertson,vineyards,Vineyards,Vineyard Repair,organic_material,Organic Material,Organic fertilizer cost,8,2013,2020,0.37866369939974,0.377844553780103,0.191970543012024,0.563411626743234,Likely positive association
Klein Karoo,crop_protection,Crop Protection,Pestacide cost,fertilizer,Fertilizer,Fertilization Cost,13,2013,2025,0.505732248506622,0.506289151456598,0.0335855420537958,0.978795987450402,Likely positive association
Klein Karoo,fertilizer,Fertilizer,Fertilization Cost,crop_protection,Crop Protection,Pestacide cost,13,2013,2025,0.502707971291979,0.502945895301987,0.0148866236438228,0.991377805905621,Likely positive association
Robertson,administration,Administration,Management,repair_parts_maintenance,"Repair, Parts & Maintenance",Repairs,13,2013,2025,0.476307729605237,0.476593509085187,0.00267483544628435,0.943452654585066,Likely positive association
Breedekloof,administration,Administration,Management,fixed_improvements,Fixed Improvements,Fixed repairs,13,2013,2025,0.476101620006062,0.478523355338533,0.015333222412349,0.933628046495265,Likely positive association
Worcester,fuel,Fuel,Fuel,administration,Administration,Management,13,2013,2025,0.508874824278877,0.509026992955657,0.0427551822147494,0.985099969315606,Likely positive association
Cape South Coast,herbicide_control,Herbicide Control,Herbacide Cost,repairs_and_maintenance,Repairs And Maintenance,Repairs,11,2013,2025,0.548927353809459,0.547753932889808,0.0702929952439235,1.01959377608317,Likely positive association
Cape South Coast,repairs_and_maintenance,Repairs And Maintenance,Repairs,herbicide_control,Herbicide Control,Herbacide Cost,11,2013,2025,0.53234552987677,0.530805980678811,0.046331364163573,1.01919420259065,Likely positive association
Robertson,fixed_improvements,Fixed Improvements,Fixed repairs,organic_material,Organic Material,Organic fertilizer cost,8,2013,2020,0.379824687613997,0.380231548246032,0.189241050514359,0.571418622153558,Likely positive association
Cape South Coast,crop_protection,Crop Protection,Pestacide cost,fixed_improvements,Fixed Improvements,Fixed repairs,13,2013,2025,0.560555625501352,0.561388484088973,0.123760257606656,0.997622053766917,Likely positive association
Cape South Coast,fixed_improvements,Fixed Improvements,Fixed repairs,crop_protection,Crop Protection,Pestacide cost,13,2013,2025,0.546488953803578,0.549632537200479,0.102886924449895,0.985240285437128,Likely positive association
Breedekloof,seasonal_labour_contract_work,Seasonal Labour & Contract Work,Seasonal Labour,fixed_improvements,Fixed Improvements,Fixed repairs,13,2013,2025,0.489186225753137,0.48758945691051,0.0337032038185492,0.948692542822121,Likely positive association
Worcester,crop_protection,Crop Protection,Pestacide cost,repairs_and_maintenance,Repairs And Maintenance,Repairs,13,2013,2025,0.562652849918245,0.561679678325047,0.109865240732643,1.01084101862604,Likely positive association
Worcester,repairs_and_maintenance,Repairs And Maintenance,Repairs,crop_protection,Crop Protection,Pestacide cost,13,2013,2025,0.553267966258234,0.555043626990447,0.0997071997922416,1.00666804269235,Likely positive association
Swartland,fixed_improvements,Fixed Improvements,Fixed repairs,organic_material,Organic Material,Organic fertilizer cost,8,2013,2020,0.380347699033209,0.380819850052226,0.190661706918302,0.571154865975729,Likely positive association
Cape South Coast,seasonal_labour_contract_work,Seasonal Labour & Contract Work,Seasonal Labour,repair_parts_maintenance,"Repair, Parts & Maintenance",Repairs,13,2013,2025,0.492040548416032,0.490333402845619,0.0248311077819503,0.960281471625006,Likely positive association
Worcester,administration,Administration,Management,repairs_and_maintenance,Repairs And Maintenance,Repairs,13,2013,2025,0.493168422955016,0.4910386295131,0.0269817500266125,0.959615978007033,Likely positive association
Worcester,permanent_labour,Permanent Labour,Permanent Labour,fixed_improvements,Fixed Improvements,Fixed repairs,13,2013,2025,0.495459329449276,0.491751686381983,0.026682825148267,0.973257483722206,Likely positive association
Klein Karoo,fixed_improvements,Fixed Improvements,Fixed repairs,water_costs,Water Costs,Irrigation,13,2013,2025,0.575654683927481,0.573470398455182,0.152153384853892,1.00544597597025,Likely positive association
Klein Karoo,water_costs,Water Costs,Irrigation,fixed_improvements,Fixed Improvements,Fixed repairs,13,2013,2025,0.573935191634634,0.574797422695953,0.137498332756897,1.00816135019903,Likely positive association
Paarl,permanent_labour,Permanent Labour,Permanent Labour,fertilizer,Fertilizer,Fertilization Cost,13,2013,2025,0.294802303194112,0.295389677053049,0.0469698960948875,0.543488291627198,Likely positive association
Klein Karoo,herbicide_control,Herbicide Control,Herbacide Cost,seasonal_labour_contract_work,Seasonal Labour & Contract Work,Seasonal Labour,11,2013,2025,0.469570747602596,0.470730464510596,0.0492836678358275,0.892075172239067,Likely positive association
Klein Karoo,seasonal_labour_contract_work,Seasonal Labour & Contract Work,Seasonal Labour,herbicide_control,Herbicide Control,Herbacide Cost,11,2013,2025,0.485813794454957,0.487155142169863,0.103941984760228,0.873953317739372,Likely positive association
Olifants River,fertilizer,Fertilizer,Fertilization Cost,fuel,Fuel,Fuel,13,2013,2025,0.485153442449436,0.486963200930807,0.0703163181514694,0.900189488477061,Likely positive association
Olifants River,fuel,Fuel,Fuel,fertilizer,Fertilizer,Fertilization Cost,13,2013,2025,0.504865610137823,0.503163701224687,0.103065272082481,0.913379250656042,Likely positive association
Swartland,administration,Administration,Management,crop_protection,Crop Protection,Pestacide cost,13,2013,2025,0.502255422537666,0.50232388181062,0.127676488643795,0.869138376049589,Likely positive association
Swartland,crop_protection,Crop Protection,Pestacide cost,administration,Administration,Management,13,2013,2025,0.489588162026094,0.488304884356234,0.0925177848240467,0.894001905059825,Likely positive association
Klein Karoo,herbicide_control,Herbicide Control,Herbacide Cost,permanent_labour,Permanent Labour,Permanent Labour,11,2013,2025,0.473075645887973,0.471344192649921,0.0554346816364691,0.895484312259729,Likely positive association
Klein Karoo,permanent_labour,Permanent Labour,Permanent Labour,herbicide_control,Herbicide Control,Herbacide Cost,11,2013,2025,0.491059095084482,0.490869167276694,0.101385035609987,0.87967901205663,Likely positive association
Breedekloof,herbicide_control,Herbicide Control,Herbacide Cost,moveable_assets_or_production_means,Moveable Assets Or Production Means,Fixed repairs,11,2013,2025,0.578498492141217,0.575374650739014,0.106317211216115,1.06047361784016,Likely positive association
Breedekloof,moveable_assets_or_production_means,Moveable Assets Or Production Means,Fixed repairs,herbicide_control,Herbicide Control,Herbacide Cost,11,2013,2025,0.56257214606531,0.558709871571373,0.0962013325672201,1.03862296989902,Likely positive association
Olifants River,permanent_labour,Permanent Labour,Permanent Labour,moveable_assets_or_production_means,Moveable Assets Or Production Means,Fixed repairs,13,2013,2025,0.522399878181115,0.523579836504865,0.0491958682905643,0.989868837045299,Likely positive association
Olifants River,permanent_labour,Permanent Labour,Permanent Labour,repair_parts_maintenance,"Repair, Parts & Maintenance",Repairs,13,2013,2025,0.52495572858099,0.52182582869803,0.0575840076320501,0.998378779188015,Likely positive association
Worcester,herbicide_control,Herbicide Control,Herbacide Cost,permanent_labour,Permanent Labour,Permanent Labour,11,2013,2025,0.489223988587687,0.488892602280945,0.067426045199237,0.915676306977072,Likely positive association
Worcester,permanent_labour,Permanent Labour,Permanent Labour,herbicide_control,Herbicide Control,Herbacide Cost,11,2013,2025,0.499383793714761,0.498767800291887,0.115532155293201,0.877791851772009,Likely positive association
Cape South Coast,fuel,Fuel,Fuel,seasonal_labour_contract_work,Seasonal Labour & Contract Work,Seasonal Labour,13,2013,2025,0.554306822214066,0.554570398599251,0.0772814400714241,1.02805764217447,Likely positive association
Cape South Coast,seasonal_labour_contract_work,Seasonal Labour & Contract Work,Seasonal Labour,fuel,Fuel,Fuel,13,2013,2025,0.48838850858718,0.488741848400894,0.0473128856247272,0.938258500246641,Likely positive association
Robertson,repairs_and_maintenance,Repairs And Maintenance,Repairs,organic_material,Organic Material,Organic fertilizer cost,8,2013,2020,0.384800428081041,0.385134796678379,0.19829706154513,0.575786640660548,Likely positive association
Cape South Coast,crop_protection,Crop Protection,Pestacide cost,moveable_assets_or_production_means,Moveable Assets Or Production Means,Fixed repairs,13,2013,2025,0.602037850509648,0.601132054785731,0.158883923196185,1.04498956811017,Likely positive association
Cape South Coast,moveable_assets_or_production_means,Moveable Assets Or Production Means,Fixed repairs,crop_protection,Crop Protection,Pestacide cost,13,2013,2025,0.594942429710296,0.594554304435865,0.149153066048424,1.03506778267525,Likely positive association
Olifants River,crop_protection,Crop Protection,Pestacide cost,fuel,Fuel,Fuel,13,2013,2025,0.621732087377177,0.619221448680064,0.156507546767463,1.09443143044717,Likely positive association
Olifants River,fuel,Fuel,Fuel,crop_protection,Crop Protection,Pestacide cost,13,2013,2025,0.630446506204941,0.631766600124881,0.212076959734693,1.04413297085058,Likely positive association
Worcester,seasonal_labour_contract_work,Seasonal Labour & Contract Work,Seasonal Labour,moveable_assets_or_production_means,Moveable Assets Or Production Means,Fixed repairs,13,2013,2025,0.542721976703656,0.54282237541122,0.0744788625280898,0.999233763381024,Likely positive association
Olifants River,fixed_improvements,Fixed Improvements,Fixed repairs,water_costs,Water Costs,Irrigation,13,2013,2025,0.603955351892773,0.60638371984465,0.171932849369893,1.0383749169549,Likely positive association
Olifants River,water_costs,Water Costs,Irrigation,fixed_improvements,Fixed Improvements,Fixed repairs,13,2013,2025,0.602186989251173,0.60153710855393,0.163732648724296,1.0268135782013,Likely positive association
Klein Karoo,fertilizer,Fertilizer,Fertilization Cost,herbicide_control,Herbicide Control,Herbacide Cost,11,2013,2025,0.561169573186529,0.5606169551385,0.0411671124793362,1.09124987514637,Likely positive association
Klein Karoo,herbicide_control,Herbicide Control,Herbacide Cost,fertilizer,Fertilizer,Fertilization Cost,11,2013,2025,0.555648219712956,0.556961118812281,0.0557278290682213,1.05156085228738,Likely positive association
Stellenbosch,permanent_labour,Permanent Labour,Permanent Labour,fertilizer,Fertilizer,Fertilization Cost,13,2013,2025,0.305814363215508,0.306450699556225,0.0600154402702058,0.550403542835376,Likely positive association
Swartland,crop_protection,Crop Protection,Pestacide cost,vineyards,Vineyards,Vineyard Repair,13,2013,2025,0.615779026734611,0.618808740447288,0.162886666253817,1.05910966455727,Likely positive association
Swartland,vineyards,Vineyards,Vineyard Repair,crop_protection,Crop Protection,Pestacide cost,13,2013,2025,0.603404424908782,0.604268597183897,0.140499133126462,1.05832665475563,Likely positive association
Klein Karoo,herbicide_control,Herbicide Control,Herbacide Cost,moveable_assets_or_production_means,Moveable Assets Or Production Means,Fixed repairs,11,2013,2025,0.603813789388707,0.605406498067434,0.141061663465738,1.08229185773615,Likely positive association
Klein Karoo,moveable_assets_or_production_means,Moveable Assets Or Production Means,Fixed repairs,herbicide_control,Herbicide Control,Herbacide Cost,11,2013,2025,0.592763283391954,0.595267711225995,0.112984144976783,1.06102177000063,Likely positive association
Swartland,moveable_assets_or_production_means,Moveable Assets Or Production Means,Fixed repairs,organic_material,Organic Material,Organic fertilizer cost,8,2013,2020,0.387056011666416,0.38573765019107,0.196909485393671,0.573872172913762,Likely positive association
Cape South Coast,supervision,Supervision,Management,vineyards,Vineyards,Vineyard Repair,13,2013,2025,0.554403734577362,0.552419059080743,0.094657575965406,1.01882417437417,Likely positive association
Breedekloof,supervision,Supervision,Management,fertilizer,Fertilizer,Fertilization Cost,13,2013,2025,0.310610600463367,0.311120812059892,0.0584515280729443,0.562007494124197,Likely positive association
Cape South Coast,fertilizer,Fertilizer,Fertilization Cost,supervision,Supervision,Management,13,2013,2025,0.20308426135966,0.204267835239627,0.00542981474251971,0.400680329676835,Likely positive association
Cape South Coast,supervision,Supervision,Management,fertilizer,Fertilizer,Fertilization Cost,13,2013,2025,0.308983486422081,0.30864958149053,0.059117113806318,0.559990289070285,Likely positive association
Klein Karoo,permanent_labour,Permanent Labour,Permanent Labour,moveable_assets_or_production_means,Moveable Assets Or Production Means,Fixed repairs,13,2013,2025,0.5657972719984,0.564966838451638,0.0975955140962156,1.03496326215424,Likely positive association
Northern Cape,crop_protection,Crop Protection,Pestacide cost,fertilizer,Fertilizer,Fertilization Cost,13,2013,2025,0.606534984061222,0.606418771633165,0.129877542210372,1.07183865559776,Likely positive association
Northern Cape,fertilizer,Fertilizer,Fertilization Cost,crop_protection,Crop Protection,Pestacide cost,13,2013,2025,0.610497585798427,0.611550570376935,0.119917223758662,1.09220941869916,Likely positive association
Cape South Coast,repair_parts_maintenance,"Repair, Parts & Maintenance",Repairs,organic_material,Organic Material,Organic fertilizer cost,6,2013,2018,0.382242412243034,0.381277612409286,0.192856689519384,0.57448999565696,Likely positive association
Breedekloof,permanent_labour,Permanent Labour,Permanent Labour,repair_parts_maintenance,"Repair, Parts & Maintenance",Repairs,13,2013,2025,0.575708995185286,0.57583896205294,0.112032137520611,1.05439387851535,Likely positive association
Stellenbosch,fixed_improvements,Fixed Improvements,Fixed repairs,organic_material,Organic Material,Organic fertilizer cost,8,2013,2020,0.388382141595863,0.388291504564971,0.19963358967173,0.577781816673322,Likely positive association
Cape South Coast,seasonal_labour_contract_work,Seasonal Labour & Contract Work,Seasonal Labour,organic_material,Organic Material,Organic fertilizer cost,6,2013,2018,0.405850197897135,0.404973439941331,0.150054181852146,0.667758548113371,Likely positive association
Olifants River,administration,Administration,Management,moveable_assets_or_production_means,Moveable Assets Or Production Means,Fixed repairs,13,2013,2025,0.600685068820976,0.603082312821221,0.138561226078581,1.05921017436132,Likely positive association
Breedekloof,seasonal_labour_contract_work,Seasonal Labour & Contract Work,Seasonal Labour,vineyards,Vineyards,Vineyard Repair,13,2013,2025,0.60069059219897,0.60173679806092,0.135938901047094,1.07002086568256,Likely positive association
Paarl,herbicide_control,Herbicide Control,Herbacide Cost,supervision,Supervision,Management,11,2013,2025,0.542385202960034,0.541630026113689,0.11988848376893,0.967963261181068,Likely positive association
Paarl,supervision,Supervision,Management,herbicide_control,Herbicide Control,Herbacide Cost,11,2013,2025,0.548265490371579,0.550099446532787,0.165203428025125,0.929961222766425,Likely positive association
Worcester,crop_protection,Crop Protection,Pestacide cost,repair_parts_maintenance,"Repair, Parts & Maintenance",Repairs,13,2013,2025,0.673708758308552,0.67159996396757,0.232795805015106,1.12071792927759,Likely positive association
Worcester,repair_parts_maintenance,"Repair, Parts & Maintenance",Repairs,crop_protection,Crop Protection,Pestacide cost,13,2013,2025,0.665422702399481,0.663829051666523,0.2240056765329,1.12030242569969,Likely positive association
Swartland,fuel,Fuel,Fuel,seasonal_labour_contract_work,Seasonal Labour & Contract Work,Seasonal Labour,13,2013,2025,0.643194435410995,0.643114201079047,0.168690238598792,1.11496979232957,Likely positive association
Swartland,seasonal_labour_contract_work,Seasonal Labour & Contract Work,Seasonal Labour,fuel,Fuel,Fuel,13,2013,2025,0.568400296232836,0.570616492858679,0.111782456800286,1.01904454943435,Likely positive association
Worcester,herbicide_control,Herbicide Control,Herbacide Cost,repair_parts_maintenance,"Repair, Parts & Maintenance",Repairs,11,2013,2025,0.661773544349952,0.663395972631786,0.183851646373113,1.13753592979181,Likely positive association
Worcester,repair_parts_maintenance,"Repair, Parts & Maintenance",Repairs,herbicide_control,Herbicide Control,Herbacide Cost,11,2013,2025,0.653712351600216,0.650785382929795,0.179612413165029,1.13133952133171,Likely positive association
Klein Karoo,herbicide_control,Herbicide Control,Herbacide Cost,water_costs,Water Costs,Irrigation,11,2013,2025,0.377917718370764,0.378879803979722,0.0902408962216741,0.663132215660556,Likely positive association
Robertson,herbicide_control,Herbicide Control,Herbacide Cost,moveable_assets_or_production_means,Moveable Assets Or Production Means,Fixed repairs,11,2013,2025,0.675737516479856,0.677697175944731,0.207299182935426,1.13806158694596,Likely positive association
Robertson,moveable_assets_or_production_means,Moveable Assets Or Production Means,Fixed repairs,herbicide_control,Herbicide Control,Herbacide Cost,11,2013,2025,0.668538856999874,0.667646248207364,0.195276508519357,1.15154357555427,Likely positive association
Olifants River,herbicide_control,Herbicide Control,Herbacide Cost,seasonal_labour_contract_work,Seasonal Labour & Contract Work,Seasonal Labour,11,2013,2025,0.556997489234107,0.55632243205968,0.133794222968947,0.986597599482868,Likely positive association
Olifants River,seasonal_labour_contract_work,Seasonal Labour & Contract Work,Seasonal Labour,herbicide_control,Herbicide Control,Herbacide Cost,11,2013,2025,0.560851166873772,0.561302448339519,0.172460464604421,0.948673409664641,Likely positive association
Paarl,supervision,Supervision,Management,repairs_and_maintenance,Repairs And Maintenance,Repairs,13,2013,2025,0.65566233235943,0.652764108831939,0.198252578901945,1.13091107951095,Likely positive association
Paarl,herbicide_control,Herbicide Control,Herbacide Cost,repairs_and_maintenance,Repairs And Maintenance,Repairs,11,2013,2025,0.704268167843871,0.703599602343861,0.226901909464888,1.17936125086021,Likely positive association
Paarl,repairs_and_maintenance,Repairs And Maintenance,Repairs,herbicide_control,Herbicide Control,Herbacide Cost,11,2013,2025,0.688819862833396,0.685464747592366,0.207850798833626,1.16311779527675,Likely positive association
Cape South Coast,fuel,Fuel,Fuel,organic_material,Organic Material,Organic fertilizer cost,6,2013,2018,0.662040643396026,0.66512859323868,0.182890174434845,1.12678620255552,Likely positive association
Paarl,crop_protection,Crop Protection,Pestacide cost,seasonal_labour_contract_work,Seasonal Labour & Contract Work,Seasonal Labour,13,2013,2025,0.635863106245502,0.634831015756527,0.231933637174411,1.0388009756401,Likely positive association
Paarl,seasonal_labour_contract_work,Seasonal Labour & Contract Work,Seasonal Labour,crop_protection,Crop Protection,Pestacide cost,13,2013,2025,0.631307226285755,0.630933869248703,0.254973787820175,0.99622200190413,Likely positive association
Cape South Coast,moveable_assets_or_production_means,Moveable Assets Or Production Means,Fixed repairs,organic_material,Organic Material,Organic fertilizer cost,6,2013,2018,0.392494769967871,0.392270677277827,0.198930632818155,0.583919013065991,Likely positive association
Cape South Coast,fixed_improvements,Fixed Improvements,Fixed repairs,organic_material,Organic Material,Organic fertilizer cost,6,2013,2018,0.394305312886556,0.39353298585217,0.205616103914847,0.58889600108015,Likely positive association
