Wine Class,Grape Variety,Region,Band,Yield_R_per_ha,
White,Bukettraube,BREEDEKLOOF   ,Low ,21671,
White,Crouchen,BREEDEKLOOF   ,Low ,21671,
White,Chardonnay,BREEDEKLOOF   ,Low ,15149,
White,Chenin Blanc,BREEDEKLOOF   ,Low ,23434,
White,Clairette blanche,BREEDEKLOOF   ,Low ,21671,
White,Colombar,BREEDEKLOOF   ,Low ,26152,
White,Palomino,BREEDEKLOOF   ,Low ,21671,
White,Gewurztraminer,BREEDEKLOOF   ,Low ,21671,
White,Muscat d'Alexandrie,BREEDEKLOOF   ,Low ,21671,
White,Muscat de Frontignan,BREEDEKLOOF   ,Low ,21671,
White,Pinot gris,BREEDEKLOOF   ,Low ,21671,
White,Sauvignon blanc,BREEDEKLOOF   ,Low ,18444,
White,Sémillon,BREEDEKLOOF   ,Low ,21671,
White,Viognier,BREEDEKLOOF   ,Low ,21671,
White,Riesling,BREEDEKLOOF   ,Low ,21671,
White,Other White,BREEDEKLOOF   ,Low ,21671,
Red,Cabernet Franc,BREEDEKLOOF   ,Low ,15264,
Red,Cabernet Sauvignon,BREEDEKLOOF   ,Low ,13066,
Red,Carignan,BREEDEKLOOF   ,Low ,15264,
Red,Cinsaut,BREEDEKLOOF   ,Low ,24750,
Red,Gamay noir,BREEDEKLOOF   ,Low ,15264,
Red,Merlot,BREEDEKLOOF   ,Low ,15799,
Red,Petit Verdot,BREEDEKLOOF   ,Low ,15264,
Red,Pinot noir,BREEDEKLOOF   ,Low ,15264,
Red,Pinotage,BREEDEKLOOF   ,Low ,17447,
Red,Roobernet,BREEDEKLOOF   ,Low ,15264,
Red,Ruby Cabernet,BREEDEKLOOF   ,Low ,15264,
Red,Shiraz,BREEDEKLOOF   ,Low ,16570,
Red,Tinta Barocca,BREEDEKLOOF   ,Low ,15264,
Red,Other Red,BREEDEKLOOF   ,Low ,15264,
White,Bukettraube,BREEDEKLOOF   ,High,23060,
White,Crouchen,BREEDEKLOOF   ,High,23060,
White,Chardonnay,BREEDEKLOOF   ,High,15170,
White,Chenin Blanc,BREEDEKLOOF   ,High,25620,
White,Clairette blanche,BREEDEKLOOF   ,High,23060,
White,Colombar,BREEDEKLOOF   ,High,27350,
White,Palomino,BREEDEKLOOF   ,High,23060,
White,Gewurztraminer,BREEDEKLOOF   ,High,23060,
White,Muscat d'Alexandrie,BREEDEKLOOF   ,High,23060,
White,Muscat de Frontignan,BREEDEKLOOF   ,High,23060,
White,Pinot gris,BREEDEKLOOF   ,High,23060,
White,Sauvignon blanc,BREEDEKLOOF   ,High,20470,
White,Sémillon,BREEDEKLOOF   ,High,23060,
White,Viognier,BREEDEKLOOF   ,High,23060,
White,Riesling,BREEDEKLOOF   ,High,23060,
White,Other White,BREEDEKLOOF   ,High,23060,
Red,Cabernet Franc,BREEDEKLOOF   ,High,18340,
Red,Cabernet Sauvignon,BREEDEKLOOF   ,High,14390,
Red,Carignan,BREEDEKLOOF   ,High,18340,
Red,Cinsaut,BREEDEKLOOF   ,High,25476,
Red,Gamay noir,BREEDEKLOOF   ,High,18340,
Red,Merlot,BREEDEKLOOF   ,High,15799,
Red,Petit Verdot,BREEDEKLOOF   ,High,18340,
Red,Pinot noir,BREEDEKLOOF   ,High,18340,
Red,Pinotage,BREEDEKLOOF   ,High,20780,
Red,Roobernet,BREEDEKLOOF   ,High,18340,
Red,Ruby Cabernet,BREEDEKLOOF   ,High,18340,
Red,Shiraz,BREEDEKLOOF   ,High,17980,1410
Red,Tinta Barocca,BREEDEKLOOF   ,High,18340,
Red,Other Red,BREEDEKLOOF   ,High,18340,
White,Bukettraube,ROBERTSON     ,Low ,17842,
White,Crouchen,ROBERTSON     ,Low ,17842,
White,Chardonnay,ROBERTSON     ,Low ,14380,
White,Chenin Blanc,ROBERTSON     ,Low ,20663,
White,Clairette blanche,ROBERTSON     ,Low ,17842,
White,Colombar,ROBERTSON     ,Low ,23680,
White,Palomino,ROBERTSON     ,Low ,17842,
White,Gewurztraminer,ROBERTSON     ,Low ,17842,
White,Muscat d'Alexandrie,ROBERTSON     ,Low ,17842,
White,Muscat de Frontignan,ROBERTSON     ,Low ,17842,
White,Pinot gris,ROBERTSON     ,Low ,17842,
White,Sauvignon blanc,ROBERTSON     ,Low ,17972,
White,Sémillon,ROBERTSON     ,Low ,17842,
White,Viognier,ROBERTSON     ,Low ,17842,
White,Riesling,ROBERTSON     ,Low ,17842,
White,Other White,ROBERTSON     ,Low ,17842,
Red,Cabernet Franc,ROBERTSON     ,Low ,15576,
Red,Cabernet Sauvignon,ROBERTSON     ,Low ,11521,
Red,Carignan,ROBERTSON     ,Low ,15576,
Red,Cinsaut,ROBERTSON     ,Low ,23220,
Red,Gamay noir,ROBERTSON     ,Low ,15576,
Red,Merlot,ROBERTSON     ,Low ,13221,
Red,Petit Verdot,ROBERTSON     ,Low ,15576,
Red,Pinot noir,ROBERTSON     ,Low ,15576,
Red,Pinotage,ROBERTSON     ,Low ,17988,
Red,Roobernet,ROBERTSON     ,Low ,15576,
Red,Ruby Cabernet,ROBERTSON     ,Low ,15576,
Red,Shiraz,ROBERTSON     ,Low ,13668,
Red,Tinta Barocca,ROBERTSON     ,Low ,15576,
Red,Other Red,ROBERTSON     ,Low ,15576,
White,Bukettraube,ROBERTSON     ,High,19390,
White,Crouchen,ROBERTSON     ,High,19390,
White,Chardonnay,ROBERTSON     ,High,15650,
White,Chenin Blanc,ROBERTSON     ,High,23390,
White,Clairette blanche,ROBERTSON     ,High,19390,
White,Colombar,ROBERTSON     ,High,23823,
White,Palomino,ROBERTSON     ,High,19390,
White,Gewurztraminer,ROBERTSON     ,High,19390,
White,Muscat d'Alexandrie,ROBERTSON     ,High,19390,
White,Muscat de Frontignan,ROBERTSON     ,High,19390,
White,Pinot gris,ROBERTSON     ,High,19390,
White,Sauvignon blanc,ROBERTSON     ,High,19470,
White,Sémillon,ROBERTSON     ,High,19390,
White,Viognier,ROBERTSON     ,High,19390,
White,Riesling,ROBERTSON     ,High,19390,
White,Other White,ROBERTSON     ,High,19390,
Red,Cabernet Franc,ROBERTSON     ,High,17400,
Red,Cabernet Sauvignon,ROBERTSON     ,High,12980,
Red,Carignan,ROBERTSON     ,High,17400,
Red,Cinsaut,ROBERTSON     ,High,27490,
Red,Gamay noir,ROBERTSON     ,High,17400,
Red,Merlot,ROBERTSON     ,High,14910,
Red,Petit Verdot,ROBERTSON     ,High,17400,
Red,Pinot noir,ROBERTSON     ,High,17400,
Red,Pinotage,ROBERTSON     ,High,21620,
Red,Roobernet,ROBERTSON     ,High,17400,
Red,Ruby Cabernet,ROBERTSON     ,High,17400,
Red,Shiraz,ROBERTSON     ,High,16360,2692
Red,Tinta Barocca,ROBERTSON     ,High,17400,
Red,Other Red,ROBERTSON     ,High,17400,
White,Bukettraube,WORCESTER     ,Low ,17530,
White,Crouchen,WORCESTER     ,Low ,17530,
White,Chardonnay,WORCESTER     ,Low ,14674,
White,Chenin Blanc,WORCESTER     ,Low ,22495,
White,Clairette blanche,WORCESTER     ,Low ,17530,
White,Colombar,WORCESTER     ,Low ,24016,
White,Palomino,WORCESTER     ,Low ,17530,
White,Gewurztraminer,WORCESTER     ,Low ,17530,
White,Muscat d'Alexandrie,WORCESTER     ,Low ,17530,
White,Muscat de Frontignan,WORCESTER     ,Low ,17530,
White,Pinot gris,WORCESTER     ,Low ,17530,
White,Sauvignon blanc,WORCESTER     ,Low ,16242,
White,Sémillon,WORCESTER     ,Low ,17530,
White,Viognier,WORCESTER     ,Low ,17530,
White,Riesling,WORCESTER     ,Low ,17530,
White,Other White,WORCESTER     ,Low ,17530,
Red,Cabernet Franc,WORCESTER     ,Low ,14116,
Red,Cabernet Sauvignon,WORCESTER     ,Low ,12510,
Red,Carignan,WORCESTER     ,Low ,14116,
Red,Cinsaut,WORCESTER     ,Low ,20530,
Red,Gamay noir,WORCESTER     ,Low ,14116,
Red,Merlot,WORCESTER     ,Low ,13023,
Red,Petit Verdot,WORCESTER     ,Low ,14116,
Red,Pinot noir,WORCESTER     ,Low ,14116,
Red,Pinotage,WORCESTER     ,Low ,17281,
Red,Roobernet,WORCESTER     ,Low ,14116,
Red,Ruby Cabernet,WORCESTER     ,Low ,14116,
Red,Shiraz,WORCESTER     ,Low ,15163,
Red,Tinta Barocca,WORCESTER     ,Low ,14116,
Red,Other Red,WORCESTER     ,Low ,14116,
White,Bukettraube,WORCESTER     ,High,21404,
White,Crouchen,WORCESTER     ,High,21404,
White,Chardonnay,WORCESTER     ,High,15270,
White,Chenin Blanc,WORCESTER     ,High,24760,
White,Clairette blanche,WORCESTER     ,High,21404,
White,Colombar,WORCESTER     ,High,27850,
White,Palomino,WORCESTER     ,High,21404,
White,Gewurztraminer,WORCESTER     ,High,21404,
White,Muscat d'Alexandrie,WORCESTER     ,High,21404,
White,Muscat de Frontignan,WORCESTER     ,High,21404,
White,Pinot gris,WORCESTER     ,High,21404,
White,Sauvignon blanc,WORCESTER     ,High,18910,
White,Sémillon,WORCESTER     ,High,21404,
White,Viognier,WORCESTER     ,High,21404,
White,Riesling,WORCESTER     ,High,21404,
White,Other White,WORCESTER     ,High,21404,
Red,Cabernet Franc,WORCESTER     ,High,17560,
Red,Cabernet Sauvignon,WORCESTER     ,High,12790,
Red,Carignan,WORCESTER     ,High,17560,
Red,Cinsaut,WORCESTER     ,High,20968,
Red,Gamay noir,WORCESTER     ,High,17560,
Red,Merlot,WORCESTER     ,High,13430,
Red,Petit Verdot,WORCESTER     ,High,17560,
Red,Pinot noir,WORCESTER     ,High,17560,
Red,Pinotage,WORCESTER     ,High,19810,
Red,Roobernet,WORCESTER     ,High,17560,
Red,Ruby Cabernet,WORCESTER     ,High,17560,
Red,Shiraz,WORCESTER     ,High,17140,1977
Red,Tinta Barocca,WORCESTER     ,High,17560,
Red,Other Red,WORCESTER     ,High,17560,
White,Bukettraube,OLIFANTSRIVER,Low ,15730,
White,Crouchen,OLIFANTSRIVER,Low ,15730,
White,Chardonnay,OLIFANTSRIVER,Low ,12576,
White,Chenin Blanc,OLIFANTSRIVER,Low ,24590,
White,Clairette blanche,OLIFANTSRIVER,Low ,15730,
White,Colombar,OLIFANTSRIVER,Low ,28778,
White,Palomino,OLIFANTSRIVER,Low ,15730,
White,Gewurztraminer,OLIFANTSRIVER,Low ,15730,
White,Muscat d'Alexandrie,OLIFANTSRIVER,Low ,15730,
White,Muscat de Frontignan,OLIFANTSRIVER,Low ,15730,
White,Pinot gris,OLIFANTSRIVER,Low ,15730,
White,Sauvignon blanc,OLIFANTSRIVER,Low ,15742,
White,Sémillon,OLIFANTSRIVER,Low ,15730,
White,Viognier,OLIFANTSRIVER,Low ,15730,
White,Riesling,OLIFANTSRIVER,Low ,15730,
White,Other White,OLIFANTSRIVER,Low ,15730,
Red,Cabernet Franc,OLIFANTSRIVER,Low ,13330,
Red,Cabernet Sauvignon,OLIFANTSRIVER,Low ,11498,
Red,Carignan,OLIFANTSRIVER,Low ,13330,
Red,Cinsaut,OLIFANTSRIVER,Low ,6082,
Red,Gamay noir,OLIFANTSRIVER,Low ,13330,
Red,Merlot,OLIFANTSRIVER,Low ,11464,
Red,Petit Verdot,OLIFANTSRIVER,Low ,13330,
Red,Pinot noir,OLIFANTSRIVER,Low ,13330,
Red,Pinotage,OLIFANTSRIVER,Low ,13872,
Red,Roobernet,OLIFANTSRIVER,Low ,13330,
Red,Ruby Cabernet,OLIFANTSRIVER,Low ,13330,
Red,Shiraz,OLIFANTSRIVER,Low ,11933,
Red,Tinta Barocca,OLIFANTSRIVER,Low ,13330,
Red,Other Red,OLIFANTSRIVER,Low ,13330,
White,Bukettraube,OLIFANTSRIVER,High,17968,
White,Crouchen,OLIFANTSRIVER,High,17968,
White,Chardonnay,OLIFANTSRIVER,High,14170,
White,Chenin Blanc,OLIFANTSRIVER,High,28780,
White,Clairette blanche,OLIFANTSRIVER,High,17968,
White,Colombar,OLIFANTSRIVER,High,31410,
White,Palomino,OLIFANTSRIVER,High,17968,
White,Gewurztraminer,OLIFANTSRIVER,High,17968,
White,Muscat d'Alexandrie,OLIFANTSRIVER,High,17968,
White,Muscat de Frontignan,OLIFANTSRIVER,High,17968,
White,Pinot gris,OLIFANTSRIVER,High,17968,
White,Sauvignon blanc,OLIFANTSRIVER,High,19140,
White,Sémillon,OLIFANTSRIVER,High,17968,
White,Viognier,OLIFANTSRIVER,High,17968,
White,Riesling,OLIFANTSRIVER,High,17968,
White,Other White,OLIFANTSRIVER,High,17968,
Red,Cabernet Franc,OLIFANTSRIVER,High,18160,
Red,Cabernet Sauvignon,OLIFANTSRIVER,High,13580,
Red,Carignan,OLIFANTSRIVER,High,18160,
Red,Cinsaut,OLIFANTSRIVER,High,6082,
Red,Gamay noir,OLIFANTSRIVER,High,18160,
Red,Merlot,OLIFANTSRIVER,High,13100,
Red,Petit Verdot,OLIFANTSRIVER,High,18160,
Red,Pinot noir,OLIFANTSRIVER,High,18160,
Red,Pinotage,OLIFANTSRIVER,High,19170,
Red,Roobernet,OLIFANTSRIVER,High,18160,
Red,Ruby Cabernet,OLIFANTSRIVER,High,18160,
Red,Shiraz,OLIFANTSRIVER,High,14290,2357
Red,Tinta Barocca,OLIFANTSRIVER,High,18160,
Red,Other Red,OLIFANTSRIVER,High,18160,
White,Bukettraube,NORTHERN CAPE,Low ,20196,
White,Crouchen,NORTHERN CAPE,Low ,20196,
White,Chardonnay,NORTHERN CAPE,Low ,8007,
White,Chenin Blanc,NORTHERN CAPE,Low ,27698,
White,Clairette blanche,NORTHERN CAPE,Low ,20196,
White,Colombar,NORTHERN CAPE,Low ,29831,
White,Palomino,NORTHERN CAPE,Low ,20196,
White,Gewurztraminer,NORTHERN CAPE,Low ,20196,
White,Muscat d'Alexandrie,NORTHERN CAPE,Low ,20196,
White,Muscat de Frontignan,NORTHERN CAPE,Low ,20196,
White,Pinot gris,NORTHERN CAPE,Low ,20196,
White,Sauvignon blanc,NORTHERN CAPE,Low ,7900,
White,Sémillon,NORTHERN CAPE,Low ,20196,
White,Viognier,NORTHERN CAPE,Low ,20196,
White,Riesling,NORTHERN CAPE,Low ,20196,
White,Other White,NORTHERN CAPE,Low ,20196,
Red,Cabernet Franc,NORTHERN CAPE,Low ,12943,
Red,Cabernet Sauvignon,NORTHERN CAPE,Low ,4108,
Red,Carignan,NORTHERN CAPE,Low ,12943,
Red,Cinsaut,NORTHERN CAPE,Low ,6082,
Red,Gamay noir,NORTHERN CAPE,Low ,12943,
Red,Merlot,NORTHERN CAPE,Low ,6740,
Red,Petit Verdot,NORTHERN CAPE,Low ,12943,
Red,Pinot noir,NORTHERN CAPE,Low ,12943,
Red,Pinotage,NORTHERN CAPE,Low ,4855,
Red,Roobernet,NORTHERN CAPE,Low ,12943,
Red,Ruby Cabernet,NORTHERN CAPE,Low ,12943,
Red,Shiraz,NORTHERN CAPE,Low ,14743,
Red,Tinta Barocca,NORTHERN CAPE,Low ,12943,
Red,Other Red,NORTHERN CAPE,Low ,12943,
White,Bukettraube,NORTHERN CAPE,High,24970,
White,Crouchen,NORTHERN CAPE,High,24970,
White,Chardonnay,NORTHERN CAPE,High,10550,
White,Chenin Blanc,NORTHERN CAPE,High,31740,
White,Clairette blanche,NORTHERN CAPE,High,24970,
White,Colombar,NORTHERN CAPE,High,31210,
White,Palomino,NORTHERN CAPE,High,24970,
White,Gewurztraminer,NORTHERN CAPE,High,24970,
White,Muscat d'Alexandrie,NORTHERN CAPE,High,24970,
White,Muscat de Frontignan,NORTHERN CAPE,High,24970,
White,Pinot gris,NORTHERN CAPE,High,24970,
White,Sauvignon blanc,NORTHERN CAPE,High,9311,
White,Sémillon,NORTHERN CAPE,High,24970,
White,Viognier,NORTHERN CAPE,High,24970,
White,Riesling,NORTHERN CAPE,High,24970,
White,Other White,NORTHERN CAPE,High,24970,
Red,Cabernet Franc,NORTHERN CAPE,High,22180,
Red,Cabernet Sauvignon,NORTHERN CAPE,High,10920,
Red,Carignan,NORTHERN CAPE,High,22180,
Red,Cinsaut,NORTHERN CAPE,High,6082,
Red,Gamay noir,NORTHERN CAPE,High,22180,
Red,Merlot,NORTHERN CAPE,High,9930,
Red,Petit Verdot,NORTHERN CAPE,High,22180,
Red,Pinot noir,NORTHERN CAPE,High,22180,
Red,Pinotage,NORTHERN CAPE,High,14920,
Red,Roobernet,NORTHERN CAPE,High,22180,
Red,Ruby Cabernet,NORTHERN CAPE,High,22180,
Red,Shiraz,NORTHERN CAPE,High,19500,4757
Red,Tinta Barocca,NORTHERN CAPE,High,22180,
Red,Other Red,NORTHERN CAPE,High,22180,
White,Bukettraube,KLEIN KAROO   ,Low ,10506,
White,Crouchen,KLEIN KAROO   ,Low ,10506,
White,Chardonnay,KLEIN KAROO   ,Low ,9330,
White,Chenin Blanc,KLEIN KAROO   ,Low ,19071,
White,Clairette blanche,KLEIN KAROO   ,Low ,10506,
White,Colombar,KLEIN KAROO   ,Low ,22120,
White,Palomino,KLEIN KAROO   ,Low ,10506,
White,Gewurztraminer,KLEIN KAROO   ,Low ,10506,
White,Muscat d'Alexandrie,KLEIN KAROO   ,Low ,10506,
White,Muscat de Frontignan,KLEIN KAROO   ,Low ,10506,
White,Pinot gris,KLEIN KAROO   ,Low ,10506,
White,Sauvignon blanc,KLEIN KAROO   ,Low ,5542,
White,Sémillon,KLEIN KAROO   ,Low ,10506,
White,Viognier,KLEIN KAROO   ,Low ,10506,
White,Riesling,KLEIN KAROO   ,Low ,10506,
White,Other White,KLEIN KAROO   ,Low ,10506,
Red,Cabernet Franc,KLEIN KAROO   ,Low ,10753,
Red,Cabernet Sauvignon,KLEIN KAROO   ,Low ,6045,
Red,Carignan,KLEIN KAROO   ,Low ,10753,
Red,Cinsaut,KLEIN KAROO   ,Low ,4085,
Red,Gamay noir,KLEIN KAROO   ,Low ,10753,
Red,Merlot,KLEIN KAROO   ,Low ,8575,
Red,Petit Verdot,KLEIN KAROO   ,Low ,10753,
Red,Pinot noir,KLEIN KAROO   ,Low ,10753,
Red,Pinotage,KLEIN KAROO   ,Low ,10191,
Red,Roobernet,KLEIN KAROO   ,Low ,10753,
Red,Ruby Cabernet,KLEIN KAROO   ,Low ,10753,
Red,Shiraz,KLEIN KAROO   ,Low ,7952,
Red,Tinta Barocca,KLEIN KAROO   ,Low ,10753,
Red,Other Red,KLEIN KAROO   ,Low ,10753,
White,Bukettraube,KLEIN KAROO   ,High,14330,
White,Crouchen,KLEIN KAROO   ,High,14330,
White,Chardonnay,KLEIN KAROO   ,High,11630,
White,Chenin Blanc,KLEIN KAROO   ,High,21910,
White,Clairette blanche,KLEIN KAROO   ,High,14330,
White,Colombar,KLEIN KAROO   ,High,26500,
White,Palomino,KLEIN KAROO   ,High,14330,
White,Gewurztraminer,KLEIN KAROO   ,High,14330,
White,Muscat d'Alexandrie,KLEIN KAROO   ,High,14330,
White,Muscat de Frontignan,KLEIN KAROO   ,High,14330,
White,Pinot gris,KLEIN KAROO   ,High,14330,
White,Sauvignon blanc,KLEIN KAROO   ,High,8540,
White,Sémillon,KLEIN KAROO   ,High,14330,
White,Viognier,KLEIN KAROO   ,High,14330,
White,Riesling,KLEIN KAROO   ,High,14330,
White,Other White,KLEIN KAROO   ,High,14330,
Red,Cabernet Franc,KLEIN KAROO   ,High,16880,
Red,Cabernet Sauvignon,KLEIN KAROO   ,High,7930,
Red,Carignan,KLEIN KAROO   ,High,16880,
Red,Cinsaut,KLEIN KAROO   ,High,4085,
Red,Gamay noir,KLEIN KAROO   ,High,16880,
Red,Merlot,KLEIN KAROO   ,High,8710,
Red,Petit Verdot,KLEIN KAROO   ,High,16880,
Red,Pinot noir,KLEIN KAROO   ,High,16880,
Red,Pinotage,KLEIN KAROO   ,High,10212,
Red,Roobernet,KLEIN KAROO   ,High,16880,
Red,Ruby Cabernet,KLEIN KAROO   ,High,16880,
Red,Shiraz,KLEIN KAROO   ,High,8580,628
Red,Tinta Barocca,KLEIN KAROO   ,High,16880,
Red,Other Red,KLEIN KAROO   ,High,16880,
White,Bukettraube,PAARL         ,Low ,10379,
White,Crouchen,PAARL         ,Low ,10379,
White,Chardonnay,PAARL         ,Low ,8206,
White,Chenin Blanc,PAARL         ,Low ,9702,
White,Clairette blanche,PAARL         ,Low ,10379,
White,Colombar,PAARL         ,Low ,11716,
White,Palomino,PAARL         ,Low ,10379,
White,Gewurztraminer,PAARL         ,Low ,10379,
White,Muscat d'Alexandrie,PAARL         ,Low ,10379,
White,Muscat de Frontignan,PAARL         ,Low ,10379,
White,Pinot gris,PAARL         ,Low ,10379,
White,Sauvignon blanc,PAARL         ,Low ,8990,
White,Sémillon,PAARL         ,Low ,10379,
White,Viognier,PAARL         ,Low ,10379,
White,Riesling,PAARL         ,Low ,10379,
White,Other White,PAARL         ,Low ,10379,
Red,Cabernet Franc,PAARL         ,Low ,8517,
Red,Cabernet Sauvignon,PAARL         ,Low ,6715,
Red,Carignan,PAARL         ,Low ,8517,
Red,Cinsaut,PAARL         ,Low ,8398,
Red,Gamay noir,PAARL         ,Low ,8517,
Red,Merlot,PAARL         ,Low ,8233,
Red,Petit Verdot,PAARL         ,Low ,8517,
Red,Pinot noir,PAARL         ,Low ,8517,
Red,Pinotage,PAARL         ,Low ,9044,
Red,Roobernet,PAARL         ,Low ,8517,
Red,Ruby Cabernet,PAARL         ,Low ,8517,
Red,Shiraz,PAARL         ,Low ,7986,
Red,Tinta Barocca,PAARL         ,Low ,8517,
Red,Other Red,PAARL         ,Low ,8517,
White,Bukettraube,PAARL         ,High,19850,
White,Crouchen,PAARL         ,High,19850,
White,Chardonnay,PAARL         ,High,11660,
White,Chenin Blanc,PAARL         ,High,16050,
White,Clairette blanche,PAARL         ,High,19850,
White,Colombar,PAARL         ,High,22450,
White,Palomino,PAARL         ,High,19850,
White,Gewurztraminer,PAARL         ,High,19850,
White,Muscat d'Alexandrie,PAARL         ,High,19850,
White,Muscat de Frontignan,PAARL         ,High,19850,
White,Pinot gris,PAARL         ,High,19850,
White,Sauvignon blanc,PAARL         ,High,11730,
White,Sémillon,PAARL         ,High,19850,
White,Viognier,PAARL         ,High,19850,
White,Riesling,PAARL         ,High,19850,
White,Other White,PAARL         ,High,19850,
Red,Cabernet Franc,PAARL         ,High,13720,
Red,Cabernet Sauvignon,PAARL         ,High,9110,
Red,Carignan,PAARL         ,High,13720,
Red,Cinsaut,PAARL         ,High,12740,
Red,Gamay noir,PAARL         ,High,13720,
Red,Merlot,PAARL         ,High,10520,
Red,Petit Verdot,PAARL         ,High,13720,
Red,Pinot noir,PAARL         ,High,13720,
Red,Pinotage,PAARL         ,High,12570,
Red,Roobernet,PAARL         ,High,13720,
Red,Ruby Cabernet,PAARL         ,High,13720,
Red,Shiraz,PAARL         ,High,11330,3344
Red,Tinta Barocca,PAARL         ,High,13720,
Red,Other Red,PAARL         ,High,13720,
White,Bukettraube,STELLENBOSCH  ,Low ,7965,
White,Crouchen,STELLENBOSCH  ,Low ,7965,
White,Chardonnay,STELLENBOSCH  ,Low ,6809,
White,Chenin Blanc,STELLENBOSCH  ,Low ,7699,
White,Clairette blanche,STELLENBOSCH  ,Low ,7965,
White,Colombar,STELLENBOSCH  ,Low ,9603,
White,Palomino,STELLENBOSCH  ,Low ,7965,
White,Gewurztraminer,STELLENBOSCH  ,Low ,7965,
White,Muscat d'Alexandrie,STELLENBOSCH  ,Low ,7965,
White,Muscat de Frontignan,STELLENBOSCH  ,Low ,7965,
White,Pinot gris,STELLENBOSCH  ,Low ,7965,
White,Sauvignon blanc,STELLENBOSCH  ,Low ,7958,
White,Sémillon,STELLENBOSCH  ,Low ,7965,
White,Viognier,STELLENBOSCH  ,Low ,7965,
White,Riesling,STELLENBOSCH  ,Low ,7965,
White,Other White,STELLENBOSCH  ,Low ,7965,
Red,Cabernet Franc,STELLENBOSCH  ,Low ,6170,
Red,Cabernet Sauvignon,STELLENBOSCH  ,Low ,6405,
Red,Carignan,STELLENBOSCH  ,Low ,6170,
Red,Cinsaut,STELLENBOSCH  ,Low ,7681,
Red,Gamay noir,STELLENBOSCH  ,Low ,6170,
Red,Merlot,STELLENBOSCH  ,Low ,8274,
Red,Petit Verdot,STELLENBOSCH  ,Low ,6170,
Red,Pinot noir,STELLENBOSCH  ,Low ,6170,
Red,Pinotage,STELLENBOSCH  ,Low ,7937,
Red,Roobernet,STELLENBOSCH  ,Low ,6170,
Red,Ruby Cabernet,STELLENBOSCH  ,Low ,6170,
Red,Shiraz,STELLENBOSCH  ,Low ,8141,
Red,Tinta Barocca,STELLENBOSCH  ,Low ,6170,
Red,Other Red,STELLENBOSCH  ,Low ,6170,
White,Bukettraube,STELLENBOSCH  ,High,10680,
White,Crouchen,STELLENBOSCH  ,High,10680,
White,Chardonnay,STELLENBOSCH  ,High,7990,
White,Chenin Blanc,STELLENBOSCH  ,High,8680,
White,Clairette blanche,STELLENBOSCH  ,High,10680,
White,Colombar,STELLENBOSCH  ,High,11390,
White,Palomino,STELLENBOSCH  ,High,10680,
White,Gewurztraminer,STELLENBOSCH  ,High,10680,
White,Muscat d'Alexandrie,STELLENBOSCH  ,High,10680,
White,Muscat de Frontignan,STELLENBOSCH  ,High,10680,
White,Pinot gris,STELLENBOSCH  ,High,10680,
White,Sauvignon blanc,STELLENBOSCH  ,High,9310,
White,Sémillon,STELLENBOSCH  ,High,10680,
White,Viognier,STELLENBOSCH  ,High,10680,
White,Riesling,STELLENBOSCH  ,High,10680,
White,Other White,STELLENBOSCH  ,High,10680,
Red,Cabernet Franc,STELLENBOSCH  ,High,7734,
Red,Cabernet Sauvignon,STELLENBOSCH  ,High,6880,
Red,Carignan,STELLENBOSCH  ,High,7734,
Red,Cinsaut,STELLENBOSCH  ,High,8810,
Red,Gamay noir,STELLENBOSCH  ,High,7734,
Red,Merlot,STELLENBOSCH  ,High,9110,
Red,Petit Verdot,STELLENBOSCH  ,High,7734,
Red,Pinot noir,STELLENBOSCH  ,High,7734,
Red,Pinotage,STELLENBOSCH  ,High,8890,
Red,Roobernet,STELLENBOSCH  ,High,7734,
Red,Ruby Cabernet,STELLENBOSCH  ,High,7734,
Red,Shiraz,STELLENBOSCH  ,High,9040,899
Red,Tinta Barocca,STELLENBOSCH  ,High,7734,
Red,Other Red,STELLENBOSCH  ,High,7734,
White,Bukettraube,CAPE SOUTH COAST,Low ,7056,
White,Crouchen,CAPE SOUTH COAST,Low ,7056,
White,Chardonnay,CAPE SOUTH COAST,Low ,5928,
White,Chenin Blanc,CAPE SOUTH COAST,Low ,7384,
White,Clairette blanche,CAPE SOUTH COAST,Low ,7056,
White,Colombar,CAPE SOUTH COAST,Low ,9603,
White,Palomino,CAPE SOUTH COAST,Low ,7056,
White,Gewurztraminer,CAPE SOUTH COAST,Low ,7056,
White,Muscat d'Alexandrie,CAPE SOUTH COAST,Low ,7056,
White,Muscat de Frontignan,CAPE SOUTH COAST,Low ,7056,
White,Pinot gris,CAPE SOUTH COAST,Low ,7056,
White,Sauvignon blanc,CAPE SOUTH COAST,Low ,7055,
White,Sémillon,CAPE SOUTH COAST,Low ,7056,
White,Viognier,CAPE SOUTH COAST,Low ,7056,
White,Riesling,CAPE SOUTH COAST,Low ,7056,
White,Other White,CAPE SOUTH COAST,Low ,7056,
Red,Cabernet Franc,CAPE SOUTH COAST,Low ,5199,
Red,Cabernet Sauvignon,CAPE SOUTH COAST,Low ,5449,
Red,Carignan,CAPE SOUTH COAST,Low ,5199,
Red,Cinsaut,CAPE SOUTH COAST,Low ,1822,
Red,Gamay noir,CAPE SOUTH COAST,Low ,5199,
Red,Merlot,CAPE SOUTH COAST,Low ,7590,
Red,Petit Verdot,CAPE SOUTH COAST,Low ,5199,
Red,Pinot noir,CAPE SOUTH COAST,Low ,5199,
Red,Pinotage,CAPE SOUTH COAST,Low ,3070,
Red,Roobernet,CAPE SOUTH COAST,Low ,5199,
Red,Ruby Cabernet,CAPE SOUTH COAST,Low ,5199,
Red,Shiraz,CAPE SOUTH COAST,Low ,6823,
Red,Tinta Barocca,CAPE SOUTH COAST,Low ,5199,
Red,Other Red,CAPE SOUTH COAST,Low ,5199,
White,Bukettraube,CAPE SOUTH COAST,High,8780,
White,Crouchen,CAPE SOUTH COAST,High,8780,
White,Chardonnay,CAPE SOUTH COAST,High,6180,
White,Chenin Blanc,CAPE SOUTH COAST,High,7530,
White,Clairette blanche,CAPE SOUTH COAST,High,8780,
White,Colombar,CAPE SOUTH COAST,High,11390,
White,Palomino,CAPE SOUTH COAST,High,8780,
White,Gewurztraminer,CAPE SOUTH COAST,High,8780,
White,Muscat d'Alexandrie,CAPE SOUTH COAST,High,8780,
White,Muscat de Frontignan,CAPE SOUTH COAST,High,8780,
White,Pinot gris,CAPE SOUTH COAST,High,8780,
White,Sauvignon blanc,CAPE SOUTH COAST,High,8540,
White,Sémillon,CAPE SOUTH COAST,High,8780,
White,Viognier,CAPE SOUTH COAST,High,8780,
White,Riesling,CAPE SOUTH COAST,High,8780,
White,Other White,CAPE SOUTH COAST,High,8780,
Red,Cabernet Franc,CAPE SOUTH COAST,High,6250,
Red,Cabernet Sauvignon,CAPE SOUTH COAST,High,5470,
Red,Carignan,CAPE SOUTH COAST,High,6250,
Red,Cinsaut,CAPE SOUTH COAST,High,1860,
Red,Gamay noir,CAPE SOUTH COAST,High,6250,
Red,Merlot,CAPE SOUTH COAST,High,8830,
Red,Petit Verdot,CAPE SOUTH COAST,High,6250,
Red,Pinot noir,CAPE SOUTH COAST,High,6250,
Red,Pinotage,CAPE SOUTH COAST,High,6618,
Red,Roobernet,CAPE SOUTH COAST,High,6250,
Red,Ruby Cabernet,CAPE SOUTH COAST,High,6250,
Red,Shiraz,CAPE SOUTH COAST,High,7980,1157
Red,Tinta Barocca,CAPE SOUTH COAST,High,6250,
Red,Other Red,CAPE SOUTH COAST,High,6250,
White,Bukettraube,CAPE TOWN,Low ,7965,
White,Crouchen,CAPE TOWN,Low ,7965,
White,Chardonnay,CAPE TOWN,Low ,6809,
White,Chenin Blanc,CAPE TOWN,Low ,7699,
White,Clairette blanche,CAPE TOWN,Low ,7965,
White,Colombar,CAPE TOWN,Low ,9603,
White,Palomino,CAPE TOWN,Low ,7965,
White,Gewurztraminer,CAPE TOWN,Low ,7965,
White,Muscat d'Alexandrie,CAPE TOWN,Low ,7965,
White,Muscat de Frontignan,CAPE TOWN,Low ,7965,
White,Pinot gris,CAPE TOWN,Low ,7965,
White,Sauvignon blanc,CAPE TOWN,Low ,7958,
White,Sémillon,CAPE TOWN,Low ,7965,
White,Viognier,CAPE TOWN,Low ,7965,
White,Riesling,CAPE TOWN,Low ,7965,
White,Other White,CAPE TOWN,Low ,7965,
Red,Cabernet Franc,CAPE TOWN,Low ,6170,
Red,Cabernet Sauvignon,CAPE TOWN,Low ,6405,
Red,Carignan,CAPE TOWN,Low ,6170,
Red,Cinsaut,CAPE TOWN,Low ,7681,
Red,Gamay noir,CAPE TOWN,Low ,6170,
Red,Merlot,CAPE TOWN,Low ,8274,
Red,Petit Verdot,CAPE TOWN,Low ,6170,
Red,Pinot noir,CAPE TOWN,Low ,6170,
Red,Pinotage,CAPE TOWN,Low ,7937,
Red,Roobernet,CAPE TOWN,Low ,6170,
Red,Ruby Cabernet,CAPE TOWN,Low ,6170,
Red,Shiraz,CAPE TOWN,Low ,8141,
Red,Tinta Barocca,CAPE TOWN,Low ,6170,
Red,Other Red,CAPE TOWN,Low ,6170,
White,Bukettraube,CAPE TOWN,High,10680,
White,Crouchen,CAPE TOWN,High,10680,
White,Chardonnay,CAPE TOWN,High,7990,
White,Chenin Blanc,CAPE TOWN,High,8680,
White,Clairette blanche,CAPE TOWN,High,10680,
White,Colombar,CAPE TOWN,High,11390,
White,Palomino,CAPE TOWN,High,10680,
White,Gewurztraminer,CAPE TOWN,High,10680,
White,Muscat d'Alexandrie,CAPE TOWN,High,10680,
White,Muscat de Frontignan,CAPE TOWN,High,10680,
White,Pinot gris,CAPE TOWN,High,10680,
White,Sauvignon blanc,CAPE TOWN,High,9310,
White,Sémillon,CAPE TOWN,High,10680,
White,Viognier,CAPE TOWN,High,10680,
White,Riesling,CAPE TOWN,High,10680,
White,Other White,CAPE TOWN,High,10680,
Red,Cabernet Franc,CAPE TOWN,High,7734,
Red,Cabernet Sauvignon,CAPE TOWN,High,6880,
Red,Carignan,CAPE TOWN,High,7734,
Red,Cinsaut,CAPE TOWN,High,8810,
Red,Gamay noir,CAPE TOWN,High,7734,
Red,Merlot,CAPE TOWN,High,9110,
Red,Petit Verdot,CAPE TOWN,High,7734,
Red,Pinot noir,CAPE TOWN,High,7734,
Red,Pinotage,CAPE TOWN,High,8890,
Red,Roobernet,CAPE TOWN,High,7734,
Red,Ruby Cabernet,CAPE TOWN,High,7734,
Red,Shiraz,CAPE TOWN,High,9040,899
Red,Tinta Barocca,CAPE TOWN,High,7734,
Red,Other Red,CAPE TOWN,High,7734,
White,Bukettraube,SWARTLAND     ,Low ,16043,
White,Crouchen,SWARTLAND     ,Low ,16043,
White,Chardonnay,SWARTLAND     ,Low ,7602,
White,Chenin Blanc,SWARTLAND     ,Low ,8888,
White,Clairette blanche,SWARTLAND     ,Low ,16043,
White,Colombar,SWARTLAND     ,Low ,12772,
White,Palomino,SWARTLAND     ,Low ,16043,
White,Gewurztraminer,SWARTLAND     ,Low ,16043,
White,Muscat d'Alexandrie,SWARTLAND     ,Low ,16043,
White,Muscat de Frontignan,SWARTLAND     ,Low ,16043,
White,Pinot gris,SWARTLAND     ,Low ,16043,
White,Sauvignon blanc,SWARTLAND     ,Low ,6848,
White,Sémillon,SWARTLAND     ,Low ,16043,
White,Viognier,SWARTLAND     ,Low ,16043,
White,Riesling,SWARTLAND     ,Low ,16043,
White,Other White,SWARTLAND     ,Low ,16043,
Red,Cabernet Franc,SWARTLAND     ,Low ,7260,
Red,Cabernet Sauvignon,SWARTLAND     ,Low ,6012,
Red,Carignan,SWARTLAND     ,Low ,7260,
Red,Cinsaut,SWARTLAND     ,Low ,8918,
Red,Gamay noir,SWARTLAND     ,Low ,7260,
Red,Merlot,SWARTLAND     ,Low ,7752,
Red,Petit Verdot,SWARTLAND     ,Low ,7260,
Red,Pinot noir,SWARTLAND     ,Low ,7260,
Red,Pinotage,SWARTLAND     ,Low ,8390,
Red,Roobernet,SWARTLAND     ,Low ,7260,
Red,Ruby Cabernet,SWARTLAND     ,Low ,7260,
Red,Shiraz,SWARTLAND     ,Low ,7372,
Red,Tinta Barocca,SWARTLAND     ,Low ,7260,
Red,Other Red,SWARTLAND     ,Low ,7260,
White,Bukettraube,SWARTLAND     ,High,19850,
White,Crouchen,SWARTLAND     ,High,19850,
White,Chardonnay,SWARTLAND     ,High,11660,
White,Chenin Blanc,SWARTLAND     ,High,16050,
White,Clairette blanche,SWARTLAND     ,High,19850,
White,Colombar,SWARTLAND     ,High,22450,
White,Palomino,SWARTLAND     ,High,19850,
White,Gewurztraminer,SWARTLAND     ,High,19850,
White,Muscat d'Alexandrie,SWARTLAND     ,High,19850,
White,Muscat de Frontignan,SWARTLAND     ,High,19850,
White,Pinot gris,SWARTLAND     ,High,19850,
White,Sauvignon blanc,SWARTLAND     ,High,11730,
White,Sémillon,SWARTLAND     ,High,19850,
White,Viognier,SWARTLAND     ,High,19850,
White,Riesling,SWARTLAND     ,High,19850,
White,Other White,SWARTLAND     ,High,19850,
Red,Cabernet Franc,SWARTLAND     ,High,13720,
Red,Cabernet Sauvignon,SWARTLAND     ,High,9110,
Red,Carignan,SWARTLAND     ,High,13720,
Red,Cinsaut,SWARTLAND     ,High,12740,
Red,Gamay noir,SWARTLAND     ,High,13720,
Red,Merlot,SWARTLAND     ,High,10520,
Red,Petit Verdot,SWARTLAND     ,High,13720,
Red,Pinot noir,SWARTLAND     ,High,13720,
Red,Pinotage,SWARTLAND     ,High,12570,
Red,Roobernet,SWARTLAND     ,High,13720,
Red,Ruby Cabernet,SWARTLAND     ,High,13720,
Red,Shiraz,SWARTLAND     ,High,11330,3958
Red,Tinta Barocca,SWARTLAND     ,High,13720,
Red,Other Red,SWARTLAND     ,High,13720,
